繰上不可(×）,依頼日,品目コード,入目,予定数量(㎏),納期,チケットＮＯ,品名,入れ目,荷姿,SVライン,SV流量(㎏/h),SPライン,SP流量(㎏/h),アレルゲン,初回限定,最終限定,KI製品,テンパリング,窒素ガス,沃素価,バッチ制限,MO-7S配合,リパック,特記事項,nouki_copy,KI,SP_rate/hr,SP_time_taken,SV_rate/hr,SV_time_taken,slot,ライン,備考,流速,生産日,順番
,,25217621380,15.0,12700,2024-02-17,,ｻﾝﾄﾞｼｮｰﾄNT (38ﾟC),,,,,,,,,,,,,低,,,×,,2024-02-16,×,"6,000",0.0,"8,000",96.0,,,,,,
,,25217621380,15.0,6000,2024-03-30,,ｻﾝﾄﾞｼｮｰﾄNT (38ﾟC),,,,,,,,,,,,,低,,,×,,2024-03-29,×,"6,000",0.0,"8,000",45.0,,,,,,
,,25217621380,15.0,12700,2024-04-17,,ｻﾝﾄﾞｼｮｰﾄNT (38ﾟC),,,,,,,,,,,,,低,,,×,,2024-04-17,×,"6,000",0.0,"8,000",96.0,,,,,,
,,25217621380,15.0,12700,2024-05-13,,ｻﾝﾄﾞｼｮｰﾄNT (38ﾟC),,,,,,,,,,,,,低,,,×,,2024-05-13,×,"6,000",0.0,"8,000",96.0,,,,,,
,,25217621380,15.0,12700,2024-04-22,,ｻﾝﾄﾞｼｮｰﾄNT (38ﾟC),,,,,,,,,,,,,低,,,×,,2024-04-22,×,"6,000",0.0,"8,000",96.0,,,,,,
,,25217621380,15.0,12700,2024-04-30,,ｻﾝﾄﾞｼｮｰﾄNT (38ﾟC),,,,,,,,,,,,,低,,,×,,2024-04-30,×,"6,000",0.0,"8,000",96.0,,,,,,
,,25217621380,15.0,12700,2024-05-20,,ｻﾝﾄﾞｼｮｰﾄNT (38ﾟC),,,,,,,,,,,,,低,,,×,,2024-05-20,×,"6,000",0.0,"8,000",96.0,,,,,,
,,25217621380,15.0,12700,2024-05-27,,ｻﾝﾄﾞｼｮｰﾄNT (38ﾟC),,,,,,,,,,,,,低,,,×,,2024-05-27,×,"6,000",0.0,"8,000",96.0,,,,,,
,,25217621380,15.0,12700,2024-06-06,,ｻﾝﾄﾞｼｮｰﾄNT (38ﾟC),,,,,,,,,,,,,低,,,×,,2024-06-06,×,"6,000",0.0,"8,000",96.0,,,,,,
,,25719121870,15.0,12700,2024-02-15,,ｻﾝﾄﾞｸﾘ-ﾑMTR(ｽﾄﾚﾂﾁ)H,,,,,,,,,〇,,〇,,,,,○,,2024-02-14,×,"6,000",0.0,"5,000",153.0,,,ﾊｲDXﾌｧｯﾄ→ｻﾝﾄﾞｸﾘｰﾑMTR→ﾏｲﾙﾄﾞﾌｧｯﾄDXの順で連続可能｡,,,
,,25719121870,15.0,12700,2024-02-26,,ｻﾝﾄﾞｸﾘ-ﾑMTR(ｽﾄﾚﾂﾁ)H,,,,,,,,,〇,,〇,,,,,○,,2024-02-23,×,"6,000",0.0,"5,000",153.0,,,ﾊｲDXﾌｧｯﾄ→ｻﾝﾄﾞｸﾘｰﾑMTR→ﾏｲﾙﾄﾞﾌｧｯﾄDXの順で連続可能｡,,,
,,25719121870,15.0,12700,2024-04-15,,ｻﾝﾄﾞｸﾘ-ﾑMTR(ｽﾄﾚﾂﾁ)H,,,,,,,,,〇,,〇,,,,,○,,2024-04-12,×,"6,000",0.0,"5,000",153.0,,,ﾊｲDXﾌｧｯﾄ→ｻﾝﾄﾞｸﾘｰﾑMTR→ﾏｲﾙﾄﾞﾌｧｯﾄDXの順で連続可能｡,,,
,,25719121870,15.0,12700,2024-04-08,,ｻﾝﾄﾞｸﾘ-ﾑMTR(ｽﾄﾚﾂﾁ)H,,,,,,,,,〇,,〇,,,,,○,,2024-04-05,×,"6,000",0.0,"5,000",153.0,,,ﾊｲDXﾌｧｯﾄ→ｻﾝﾄﾞｸﾘｰﾑMTR→ﾏｲﾙﾄﾞﾌｧｯﾄDXの順で連続可能｡,,,
,,25719121870,15.0,12700,2024-04-18,,ｻﾝﾄﾞｸﾘ-ﾑMTR(ｽﾄﾚﾂﾁ)H,,,,,,,,,〇,,〇,,,,,○,,2024-04-17,×,"6,000",0.0,"5,000",153.0,,,ﾊｲDXﾌｧｯﾄ→ｻﾝﾄﾞｸﾘｰﾑMTR→ﾏｲﾙﾄﾞﾌｧｯﾄDXの順で連続可能｡,,,
,,25719121870,15.0,12700,2024-05-08,,ｻﾝﾄﾞｸﾘ-ﾑMTR(ｽﾄﾚﾂﾁ)H,,,,,,,,,〇,,〇,,,,,○,,2024-05-07,×,"6,000",0.0,"5,000",153.0,,,ﾊｲDXﾌｧｯﾄ→ｻﾝﾄﾞｸﾘｰﾑMTR→ﾏｲﾙﾄﾞﾌｧｯﾄDXの順で連続可能｡,,,
,,25719121870,15.0,12700,2024-06-03,,ｻﾝﾄﾞｸﾘ-ﾑMTR(ｽﾄﾚﾂﾁ)H,,,,,,,,,〇,,〇,,,,,○,,2024-05-31,×,"6,000",0.0,"5,000",153.0,,,ﾊｲDXﾌｧｯﾄ→ｻﾝﾄﾞｸﾘｰﾑMTR→ﾏｲﾙﾄﾞﾌｧｯﾄDXの順で連続可能｡,,,
,,25719121870,15.0,12700,2024-06-11,,ｻﾝﾄﾞｸﾘ-ﾑMTR(ｽﾄﾚﾂﾁ)H,,,,,,,,,〇,,〇,,,,,○,,2024-06-10,×,"6,000",0.0,"5,000",153.0,,,ﾊｲDXﾌｧｯﾄ→ｻﾝﾄﾞｸﾘｰﾑMTR→ﾏｲﾙﾄﾞﾌｧｯﾄDXの順で連続可能｡,,,
,,25719121870,15.0,12700,2024-06-18,,ｻﾝﾄﾞｸﾘ-ﾑMTR(ｽﾄﾚﾂﾁ)H,,,,,,,,,〇,,〇,,,,,○,,2024-06-17,×,"6,000",0.0,"5,000",153.0,,,ﾊｲDXﾌｧｯﾄ→ｻﾝﾄﾞｸﾘｰﾑMTR→ﾏｲﾙﾄﾞﾌｧｯﾄDXの順で連続可能｡,,,
,,25719121850,15.0,12700,2024-03-01,,ｻﾝﾄﾞｸﾘ-ﾑMTR(ｽﾄﾚﾂﾁ)M,,,,,,,,,〇,,〇,,,,,○,,2024-02-29,×,"6,000",0.0,"5,000",153.0,,,ﾊｲDXﾌｧｯﾄ→ｻﾝﾄﾞｸﾘｰﾑMTR→ﾏｲﾙﾄﾞﾌｧｯﾄDXの順で連続可能｡,,,
,,25719121850,15.0,12700,2024-04-18,,ｻﾝﾄﾞｸﾘ-ﾑMTR(ｽﾄﾚﾂﾁ)M,,,,,,,,,〇,,〇,,,,,○,,2024-04-17,×,"6,000",0.0,"5,000",153.0,,,ﾊｲDXﾌｧｯﾄ→ｻﾝﾄﾞｸﾘｰﾑMTR→ﾏｲﾙﾄﾞﾌｧｯﾄDXの順で連続可能｡,,,
,,25719121850,15.0,12700,2024-04-10,,ｻﾝﾄﾞｸﾘ-ﾑMTR(ｽﾄﾚﾂﾁ)M,,,,,,,,,〇,,〇,,,,,○,,2024-04-09,×,"6,000",0.0,"5,000",153.0,,,ﾊｲDXﾌｧｯﾄ→ｻﾝﾄﾞｸﾘｰﾑMTR→ﾏｲﾙﾄﾞﾌｧｯﾄDXの順で連続可能｡,,,
,,25719121850,15.0,12700,2024-04-22,,ｻﾝﾄﾞｸﾘ-ﾑMTR(ｽﾄﾚﾂﾁ)M,,,,,,,,,〇,,〇,,,,,○,,2024-04-19,×,"6,000",0.0,"5,000",153.0,,,ﾊｲDXﾌｧｯﾄ→ｻﾝﾄﾞｸﾘｰﾑMTR→ﾏｲﾙﾄﾞﾌｧｯﾄDXの順で連続可能｡,,,
,,25719121850,15.0,12700,2024-05-20,,ｻﾝﾄﾞｸﾘ-ﾑMTR(ｽﾄﾚﾂﾁ)M,,,,,,,,,〇,,〇,,,,,○,,2024-05-17,×,"6,000",0.0,"5,000",153.0,,,ﾊｲDXﾌｧｯﾄ→ｻﾝﾄﾞｸﾘｰﾑMTR→ﾏｲﾙﾄﾞﾌｧｯﾄDXの順で連続可能｡,,,
,,25719121850,15.0,12700,2024-05-27,,ｻﾝﾄﾞｸﾘ-ﾑMTR(ｽﾄﾚﾂﾁ)M,,,,,,,,,〇,,〇,,,,,○,,2024-05-24,×,"6,000",0.0,"5,000",153.0,,,ﾊｲDXﾌｧｯﾄ→ｻﾝﾄﾞｸﾘｰﾑMTR→ﾏｲﾙﾄﾞﾌｧｯﾄDXの順で連続可能｡,,,
,,25729012000,16.0,12200,2024-02-29,,ｱｲｽ ﾌｱﾂﾄ ﾐﾂｸｽ (F),,,,,,,,,,,,,低,,,×,,2024-02-29,×,"5,500",134.0,-,0.0,,,,,,
,,25729012000,16.0,9000,2024-03-30,,ｱｲｽ ﾌｱﾂﾄ ﾐﾂｸｽ (F),,,,,,,,,,,,,低,,,×,,2024-03-29,×,"5,500",99.0,-,0.0,,,,,,
,,25729012000,16.0,12200,2024-05-10,,ｱｲｽ ﾌｱﾂﾄ ﾐﾂｸｽ (F),,,,,,,,,,,,,低,,,×,,2024-05-10,×,"5,500",134.0,-,0.0,,,,,,
,,25299921030,15.0,6000,2024-02-19,,PVｼｮｰﾄ(B)-AK(3),,,,,,,,,,,,,準高,,,×,,2024-02-19,×,"5,100",0.0,"8,000",45.0,,,,,,
,,25299921030,15.0,6000,2024-02-17,,PVｼｮｰﾄ(B)-AK(3),,,,,,,,,,,,,準高,,,×,,2024-02-16,×,"5,100",0.0,"8,000",45.0,,,,,,
,,25299921040,15.0,12700,2024-02-29,,PVｼｮｰﾄ(B)-AK(4),,,,,,,,,,,,,,,,×,,2024-02-29,×,"5,100",0.0,"8,000",96.0,,,,,,
,,25299921040,15.0,12700,2024-03-25,,PVｼｮｰﾄ(B)-AK(4),,,,,,,,,,,,,,,,×,,2024-03-25,×,"5,100",0.0,"8,000",96.0,,,,,,
,,25299921040,15.0,12700,2024-04-16,,PVｼｮｰﾄ(B)-AK(4),,,,,,,,,,,,,,,,×,,2024-04-16,×,"5,100",0.0,"8,000",96.0,,,,,,
,,25716121850,15.0,10000,2024-02-10,,ｼﾞｴﾐﾆNTR(M),,,,,,,,,,,,,,,,×,,2024-02-09,○,-,0.0,"7,000",86.0,,,,,,
,,25716121850,15.0,10000,2024-02-17,,ｼﾞｴﾐﾆNTR(M),,,,,,,,,,,,,,,,×,,2024-02-16,○,-,0.0,"7,000",86.0,,,,,,
,,25126221000,15.0,12700,2024-02-22,,ｽﾃｲﾔ-SA,,,,,,,,,〇,,,,高,,,×,,2024-02-22,×,"6,000",0.0,"6,500",118.0,,,ｽﾃｲﾔｰｼﾘｰｽﾞ計画順番 ； STｼｮｰﾄ → ｽﾃｲﾔｰﾃﾞﾗｯｸｽK → ｽﾃｲﾔｰｽﾍﾟｼｬﾙ/ｱｺﾙﾄ → ｽﾃｲﾔｰSA,,,
,,25126221000,15.0,12700,2024-04-03,,ｽﾃｲﾔ-SA,,,,,,,,,〇,,,,高,,,×,,2024-04-03,×,"6,000",0.0,"6,500",118.0,,,ｽﾃｲﾔｰｼﾘｰｽﾞ計画順番 ； STｼｮｰﾄ → ｽﾃｲﾔｰﾃﾞﾗｯｸｽK → ｽﾃｲﾔｰｽﾍﾟｼｬﾙ/ｱｺﾙﾄ → ｽﾃｲﾔｰSA,,,
,,25126221000,15.0,12700,2024-04-15,,ｽﾃｲﾔ-SA,,,,,,,,,〇,,,,高,,,×,,2024-04-15,×,"6,000",0.0,"6,500",118.0,,,ｽﾃｲﾔｰｼﾘｰｽﾞ計画順番 ； STｼｮｰﾄ → ｽﾃｲﾔｰﾃﾞﾗｯｸｽK → ｽﾃｲﾔｰｽﾍﾟｼｬﾙ/ｱｺﾙﾄ → ｽﾃｲﾔｰSA,,,
,,25126221000,15.0,12700,2024-04-30,,ｽﾃｲﾔ-SA,,,,,,,,,〇,,,,高,,,×,,2024-04-30,×,"6,000",0.0,"6,500",118.0,,,ｽﾃｲﾔｰｼﾘｰｽﾞ計画順番 ； STｼｮｰﾄ → ｽﾃｲﾔｰﾃﾞﾗｯｸｽK → ｽﾃｲﾔｰｽﾍﾟｼｬﾙ/ｱｺﾙﾄ → ｽﾃｲﾔｰSA,,,
,,25126221000,15.0,12700,2024-05-23,,ｽﾃｲﾔ-SA,,,,,,,,,〇,,,,高,,,×,,2024-05-23,×,"6,000",0.0,"6,500",118.0,,,ｽﾃｲﾔｰｼﾘｰｽﾞ計画順番 ； STｼｮｰﾄ → ｽﾃｲﾔｰﾃﾞﾗｯｸｽK → ｽﾃｲﾔｰｽﾍﾟｼｬﾙ/ｱｺﾙﾄ → ｽﾃｲﾔｰSA,,,
,,25126221000,15.0,12700,2024-06-08,,ｽﾃｲﾔ-SA,,,,,,,,,〇,,,,高,,,×,,2024-06-07,×,"6,000",0.0,"6,500",118.0,,,ｽﾃｲﾔｰｼﾘｰｽﾞ計画順番 ； STｼｮｰﾄ → ｽﾃｲﾔｰﾃﾞﾗｯｸｽK → ｽﾃｲﾔｰｽﾍﾟｼｬﾙ/ｱｺﾙﾄ → ｽﾃｲﾔｰSA,,,
,,25212521030,15.0,12700,2024-02-24,,ｼｮｰﾄﾆﾝｸﾞFJP DIR(3),,,,,,,,〇,,,,,,,,×,,2024-02-23,×,"5,000",0.0,"8,000",96.0,,,副原料無添,,,
,,25212521030,15.0,6000,2024-05-08,,ｼｮｰﾄﾆﾝｸﾞFJP DIR(3),,,,,,,,〇,,,,,,,,×,,2024-05-08,×,"5,000",0.0,"8,000",45.0,,,副原料無添,,,
,,25212521030,15.0,6000,2024-06-06,,ｼｮｰﾄﾆﾝｸﾞFJP DIR(3),,,,,,,,〇,,,,,,,,×,,2024-06-06,×,"5,000",0.0,"8,000",45.0,,,副原料無添,,,
,,25222522060,20.0,5000,2024-02-08,,ﾊﾟﾈﾘ-ｼｮｰﾄST-2-TL(38),,,,,,,,,,,〇,,,,,×,,2024-02-06,×,"5,400",0.0,"8,000",38.0,,,,,,
,,25222522060,20.0,5000,2024-03-21,,ﾊﾟﾈﾘ-ｼｮｰﾄST-2-TL(38),,,,,,,,,,,〇,,,,,×,,2024-03-19,×,"5,400",0.0,"8,000",38.0,,,,,,
,,25222522060,20.0,5000,2024-04-11,,ﾊﾟﾈﾘ-ｼｮｰﾄST-2-TL(38),,,,,,,,,,,〇,,,,,×,,2024-04-09,×,"5,400",0.0,"8,000",38.0,,,,,,
,,25222522060,20.0,5000,2024-04-30,,ﾊﾟﾈﾘ-ｼｮｰﾄST-2-TL(38),,,,,,,,,,,〇,,,,,×,,2024-04-29,×,"5,400",0.0,"8,000",38.0,,,,,,
,,25222522060,20.0,7500,2024-05-15,,ﾊﾟﾈﾘ-ｼｮｰﾄST-2-TL(38),,,,,,,,,,,〇,,,,,×,,2024-05-14,×,"5,400",0.0,"8,000",57.0,,,,,,
,,25222123040,20.0,5000,2024-02-08,,ﾆｭｰｼｮｰﾄﾆﾝｸﾞ20㎏(4),,,,,,,,,,,,,,,,×,,2024-02-08,×,"6,000",0.0,"8,000",38.0,,,,,,
,,25222123040,20.0,5000,2024-02-29,,ﾆｭｰｼｮｰﾄﾆﾝｸﾞ20㎏(4),,,,,,,,,,,,,,,,×,,2024-02-29,×,"6,000",0.0,"8,000",38.0,,,,,,
,,25222123040,20.0,5000,2024-02-14,,ﾆｭｰｼｮｰﾄﾆﾝｸﾞ20㎏(4),,,,,,,,,,,,,,,,×,,2024-02-14,×,"6,000",0.0,"8,000",38.0,,,,,,
,,25222123040,20.0,5000,2024-02-21,,ﾆｭｰｼｮｰﾄﾆﾝｸﾞ20㎏(4),,,,,,,,,,,,,,,,×,,2024-02-21,×,"6,000",0.0,"8,000",38.0,,,,,,
,,25222123040,20.0,5000,2024-03-21,,ﾆｭｰｼｮｰﾄﾆﾝｸﾞ20㎏(4),,,,,,,,,,,,,,,,×,,2024-03-21,×,"6,000",0.0,"8,000",38.0,,,,,,
,,25222123040,20.0,5000,2024-04-04,,ﾆｭｰｼｮｰﾄﾆﾝｸﾞ20㎏(4),,,,,,,,,,,,,,,,×,,2024-04-04,×,"6,000",0.0,"8,000",38.0,,,,,,
,,25222123040,20.0,5000,2024-04-26,,ﾆｭｰｼｮｰﾄﾆﾝｸﾞ20㎏(4),,,,,,,,,,,,,,,,×,,2024-04-26,×,"6,000",0.0,"8,000",38.0,,,,,,
,,25222123040,20.0,5000,2024-04-11,,ﾆｭｰｼｮｰﾄﾆﾝｸﾞ20㎏(4),,,,,,,,,,,,,,,,×,,2024-04-11,×,"6,000",0.0,"8,000",38.0,,,,,,
,,25222123040,20.0,7500,2024-04-24,,ﾆｭｰｼｮｰﾄﾆﾝｸﾞ20㎏(4),,,,,,,,,,,,,,,,×,,2024-04-24,×,"6,000",0.0,"8,000",57.0,,,,,,
,,25222123040,20.0,5000,2024-05-06,,ﾆｭｰｼｮｰﾄﾆﾝｸﾞ20㎏(4),,,,,,,,,,,,,,,,×,,2024-05-06,×,"6,000",0.0,"8,000",38.0,,,,,,
,,25222123040,20.0,7500,2024-05-06,,ﾆｭｰｼｮｰﾄﾆﾝｸﾞ20㎏(4),,,,,,,,,,,,,,,,×,,2024-05-06,×,"6,000",0.0,"8,000",57.0,,,,,,
,,25222123040,20.0,5000,2024-05-08,,ﾆｭｰｼｮｰﾄﾆﾝｸﾞ20㎏(4),,,,,,,,,,,,,,,,×,,2024-05-08,×,"6,000",0.0,"8,000",38.0,,,,,,
,,25222123040,20.0,7500,2024-05-15,,ﾆｭｰｼｮｰﾄﾆﾝｸﾞ20㎏(4),,,,,,,,,,,,,,,,×,,2024-05-15,×,"6,000",0.0,"8,000",57.0,,,,,,
,,25222123040,20.0,5000,2024-05-22,,ﾆｭｰｼｮｰﾄﾆﾝｸﾞ20㎏(4),,,,,,,,,,,,,,,,×,,2024-05-22,×,"6,000",0.0,"8,000",38.0,,,,,,
,,25217922850,18.8,4000,2024-02-24,,AP-1 (M),,,,,,,,,,,〇,,,,,×,,2024-02-23,×,"6,000",0.0,"8,000",30.0,,,,,,
,,25217922850,18.8,4000,2024-04-30,,AP-1 (M),,,,,,,,,,,〇,,,,,×,,2024-04-29,×,"6,000",0.0,"8,000",30.0,,,,,,
,,25138421830,15.0,5000,2024-02-24,,ISｼｮｰﾄﾆﾝｸﾞ(S),,,,,,,,,,,,,準高,,,×,,2024-02-23,×,"6,000",0.0,"8,000",38.0,,,底ﾊﾟｯﾄﾞ敷あり｡公出時生産不可｡,,,
,,25138421830,15.0,5000,2024-02-28,,ISｼｮｰﾄﾆﾝｸﾞ(S),,,,,,,,,,,,,準高,,,×,,2024-02-28,×,"6,000",0.0,"8,000",38.0,,,底ﾊﾟｯﾄﾞ敷あり｡公出時生産不可｡,,,
,,25138421830,15.0,5000,2024-03-30,,ISｼｮｰﾄﾆﾝｸﾞ(S),,,,,,,,,,,,,準高,,,×,,2024-03-29,×,"6,000",0.0,"8,000",38.0,,,底ﾊﾟｯﾄﾞ敷あり｡公出時生産不可｡,,,
,,25138421830,15.0,5000,2024-04-26,,ISｼｮｰﾄﾆﾝｸﾞ(S),,,,,,,,,,,,,準高,,,×,,2024-04-26,×,"6,000",0.0,"8,000",38.0,,,底ﾊﾟｯﾄﾞ敷あり｡公出時生産不可｡,,,
,,25805121000,15.0,5000,2024-02-16,,MB-ﾓ-ｾﾞﾙSC,,,,,,,,,,,〇,,高,,,,,2024-02-15,×,-,0.0,8000,38.0,,,,,,
,,25719621870,15.0,9000,2024-03-04,,AKK-Ⅱ(H),,,,,,,,,,,,,低,,,×,,2024-03-04,×,"6,000",0.0,"8,000",68.0,,,,,,
,,25719621870,15.0,9000,2024-06-10,,AKK-Ⅱ(H),,,,,,,,,,,,,低,,,×,,2024-06-10,×,"6,000",0.0,"8,000",68.0,,,,,,
,,25211321040,15.0,4000,2024-02-29,,ﾋﾞｸﾄﾘ-ｼｮｰﾄ (4),,,,,,,,,,,〇,,,,,×,,2024-02-28,×,"5,800",0.0,"8,000",30.0,,,,,,
,,25211321040,15.0,4000,2024-02-27,,ﾋﾞｸﾄﾘ-ｼｮｰﾄ (4),,,,,,,,,,,〇,,,,,×,,2024-02-26,×,"5,800",0.0,"8,000",30.0,,,,,,
,,25270521000,15.0,4000,2024-02-17,,ﾌｱﾝﾄﾑ1050,,,,,,,,,,,,,,,,×,,2024-02-16,○,-,0.0,"7,500",32.0,,,,,,
,,25270521000,15.0,20000,2024-06-08,,ﾌｱﾝﾄﾑ1050,,,,,,,,,,,,,,,,×,,2024-06-07,○,-,0.0,"7,500",160.0,,,,,,
,,25105621000,15.0,6000,2024-04-06,,ﾊﾟﾈﾘ-PV(12),,,,,,,,,,,,,,,,×,,2024-04-05,×,"5,000",0.0,"8,000",45.0,,,,,,
,,25105621000,15.0,6000,2024-04-25,,ﾊﾟﾈﾘ-PV(12),,,,,,,,,,,,,,,,×,,2024-04-25,×,"5,000",0.0,"8,000",45.0,,,,,,
,,25105621000,15.0,12700,2024-04-19,,ﾊﾟﾈﾘ-PV(12),,,,,,,,,,,,,,,,×,,2024-04-19,×,"5,000",0.0,"8,000",96.0,,,,,,
,,25105621000,15.0,6000,2024-05-27,,ﾊﾟﾈﾘ-PV(12),,,,,,,,,,,,,,,,×,,2024-05-27,×,"5,000",0.0,"8,000",45.0,,,,,,
,,25105621000,15.0,6000,2024-06-08,,ﾊﾟﾈﾘ-PV(12),,,,,,,,,,,,,,,,×,,2024-06-07,×,"5,000",0.0,"8,000",45.0,,,,,,
,,25117722830,15.0,6000,2024-04-08,,ﾌﾟﾚﾐｱﾑｼｮｰﾄ-ADF (S),,,,,,,,,,,,,,,,×,,2024-04-08,×,"6,000",0.0,"8,000",45.0,,,,,,
,,25117722830,15.0,6000,2024-04-11,,ﾌﾟﾚﾐｱﾑｼｮｰﾄ-ADF (S),,,,,,,,,,,,,,,,×,,2024-04-11,×,"6,000",0.0,"8,000",45.0,,,,,,
,,25117722830,15.0,6000,2024-05-10,,ﾌﾟﾚﾐｱﾑｼｮｰﾄ-ADF (S),,,,,,,,,,,,,,,,×,,2024-05-10,×,"6,000",0.0,"8,000",45.0,,,,,,
,,25117722830,15.0,6000,2024-04-27,,ﾌﾟﾚﾐｱﾑｼｮｰﾄ-ADF (S),,,,,,,,,,,,,,,,×,,2024-04-26,×,"6,000",0.0,"8,000",45.0,,,,,,
,,25118721810,15.0,4000,2024-04-11,,ﾌﾟﾚﾐｱﾑｼｮｰﾄPV-ADF(SS),,,,,,,,,,,,,準高,,,×,,2024-04-11,×,"5,800",0.0,"8,000",30.0,,,,,,
,,25118721830,15.0,6000,2024-04-22,,ﾌﾟﾚﾐｱﾑｼｮｰﾄPV-ADF (S),,,,,,,,,,,,,,,,×,,2024-04-22,×,"5,800",0.0,"8,000",45.0,,,,,,
,,25118721830,15.0,6000,2024-04-26,,ﾌﾟﾚﾐｱﾑｼｮｰﾄPV-ADF (S),,,,,,,,,,,,,,,,×,,2024-04-26,×,"5,800",0.0,"8,000",45.0,,,,,,
,,25118721830,15.0,6000,2024-04-30,,ﾌﾟﾚﾐｱﾑｼｮｰﾄPV-ADF (S),,,,,,,,,,,,,,,,×,,2024-04-30,×,"5,800",0.0,"8,000",45.0,,,,,,
,,25120028810,15.0,6000,2024-02-21,,ﾌﾟﾚﾐｱﾑｼｮｰﾄ-CF(SS),,,,,,,,〇,,,,,,,,×,,2024-02-21,×,"5,000",0.0,"8,000",45.0,,,副原料無添,,,
,,25120028810,15.0,6000,2024-03-19,,ﾌﾟﾚﾐｱﾑｼｮｰﾄ-CF(SS),,,,,,,,〇,,,,,,,,×,,2024-03-19,×,"5,000",0.0,"8,000",45.0,,,副原料無添,,,
,,25120028810,15.0,6000,2024-05-20,,ﾌﾟﾚﾐｱﾑｼｮｰﾄ-CF(SS),,,,,,,,〇,,,,,,,,×,,2024-05-20,×,"5,000",0.0,"8,000",45.0,,,副原料無添,,,
,,25120028830,15.0,25400,2024-02-26,,ﾌﾟﾚﾐｱﾑｼｮｰﾄ-CF(S),,,,,,,,〇,,,,,,,,×,,2024-02-26,×,"5,000",0.0,"8,000",191.0,,,副原料無添,,,
,,25120028830,15.0,25400,2024-02-29,,ﾌﾟﾚﾐｱﾑｼｮｰﾄ-CF(S),,,,,,,,〇,,,,,,,,×,,2024-02-29,×,"5,000",0.0,"8,000",191.0,,,副原料無添,,,
,,25120028830,15.0,25400,2024-03-11,,ﾌﾟﾚﾐｱﾑｼｮｰﾄ-CF(S),,,,,,,,〇,,,,,,,,×,,2024-03-11,×,"5,000",0.0,"8,000",191.0,,,副原料無添,,,
,,25120028830,15.0,50800,2024-03-18,,ﾌﾟﾚﾐｱﾑｼｮｰﾄ-CF(S),,,,,,,,〇,,,,,,,,×,,2024-03-18,×,"5,000",0.0,"8,000",381.0,,,副原料無添,,,
,,25120028830,15.0,25400,2024-03-25,,ﾌﾟﾚﾐｱﾑｼｮｰﾄ-CF(S),,,,,,,,〇,,,,,,,,×,,2024-03-25,×,"5,000",0.0,"8,000",191.0,,,副原料無添,,,
,,25120028830,15.0,50800,2024-03-30,,ﾌﾟﾚﾐｱﾑｼｮｰﾄ-CF(S),,,,,,,,〇,,,,,,,,×,,2024-03-29,×,"5,000",0.0,"8,000",381.0,,,副原料無添,,,
,,25120028830,15.0,25400,2024-04-04,,ﾌﾟﾚﾐｱﾑｼｮｰﾄ-CF(S),,,,,,,,〇,,,,,,,,×,,2024-04-04,×,"5,000",0.0,"8,000",191.0,,,副原料無添,,,
,,25120028830,15.0,38100,2024-04-08,,ﾌﾟﾚﾐｱﾑｼｮｰﾄ-CF(S),,,,,,,,〇,,,,,,,,×,,2024-04-08,×,"5,000",0.0,"8,000",286.0,,,副原料無添,,,
,,25120028830,15.0,38100,2024-04-11,,ﾌﾟﾚﾐｱﾑｼｮｰﾄ-CF(S),,,,,,,,〇,,,,,,,,×,,2024-04-11,×,"5,000",0.0,"8,000",286.0,,,副原料無添,,,
,,25120028830,15.0,25400,2024-04-15,,ﾌﾟﾚﾐｱﾑｼｮｰﾄ-CF(S),,,,,,,,〇,,,,,,,,×,,2024-04-15,×,"5,000",0.0,"8,000",191.0,,,副原料無添,,,
,,25120028830,15.0,38100,2024-04-18,,ﾌﾟﾚﾐｱﾑｼｮｰﾄ-CF(S),,,,,,,,〇,,,,,,,,×,,2024-04-18,×,"5,000",0.0,"8,000",286.0,,,副原料無添,,,
,,25120028830,15.0,38100,2024-04-22,,ﾌﾟﾚﾐｱﾑｼｮｰﾄ-CF(S),,,,,,,,〇,,,,,,,,×,,2024-04-22,×,"5,000",0.0,"8,000",286.0,,,副原料無添,,,
,,25120028830,15.0,12700,2024-04-13,,ﾌﾟﾚﾐｱﾑｼｮｰﾄ-CF(S),,,,,,,,〇,,,,,,,,×,,2024-04-12,×,"5,000",0.0,"8,000",96.0,,,副原料無添,,,
,,25120028830,15.0,12700,2024-04-11,,ﾌﾟﾚﾐｱﾑｼｮｰﾄ-CF(S),,,,,,,,〇,,,,,,,,×,,2024-04-11,×,"5,000",0.0,"8,000",96.0,,,副原料無添,,,
,,25120028830,15.0,12700,2024-04-25,,ﾌﾟﾚﾐｱﾑｼｮｰﾄ-CF(S),,,,,,,,〇,,,,,,,,×,,2024-04-25,×,"5,000",0.0,"8,000",96.0,,,副原料無添,,,
,,25120028830,15.0,12700,2024-04-25,,ﾌﾟﾚﾐｱﾑｼｮｰﾄ-CF(S),,,,,,,,〇,,,,,,,,×,,2024-04-25,×,"5,000",0.0,"8,000",96.0,,,副原料無添,,,
,,25120028830,15.0,38100,2024-04-30,,ﾌﾟﾚﾐｱﾑｼｮｰﾄ-CF(S),,,,,,,,〇,,,,,,,,×,,2024-04-30,×,"5,000",0.0,"8,000",286.0,,,副原料無添,,,
,,25120028830,15.0,25400,2024-05-06,,ﾌﾟﾚﾐｱﾑｼｮｰﾄ-CF(S),,,,,,,,〇,,,,,,,,×,,2024-05-06,×,"5,000",0.0,"8,000",191.0,,,副原料無添,,,
,,25120028830,15.0,25400,2024-05-09,,ﾌﾟﾚﾐｱﾑｼｮｰﾄ-CF(S),,,,,,,,〇,,,,,,,,×,,2024-05-09,×,"5,000",0.0,"8,000",191.0,,,副原料無添,,,
,,25120028830,15.0,25400,2024-05-13,,ﾌﾟﾚﾐｱﾑｼｮｰﾄ-CF(S),,,,,,,,〇,,,,,,,,×,,2024-05-13,×,"5,000",0.0,"8,000",191.0,,,副原料無添,,,
,,25120028830,15.0,12700,2024-04-20,,ﾌﾟﾚﾐｱﾑｼｮｰﾄ-CF(S),,,,,,,,〇,,,,,,,,×,,2024-04-19,×,"5,000",0.0,"8,000",96.0,,,副原料無添,,,
,,25120028830,15.0,12700,2024-04-30,,ﾌﾟﾚﾐｱﾑｼｮｰﾄ-CF(S),,,,,,,,〇,,,,,,,,×,,2024-04-30,×,"5,000",0.0,"8,000",96.0,,,副原料無添,,,
,,25120028830,15.0,50800,2024-05-20,,ﾌﾟﾚﾐｱﾑｼｮｰﾄ-CF(S),,,,,,,,〇,,,,,,,,×,,2024-05-20,×,"5,000",0.0,"8,000",381.0,,,副原料無添,,,
,,25120028830,15.0,76200,2024-05-27,,ﾌﾟﾚﾐｱﾑｼｮｰﾄ-CF(S),,,,,,,,〇,,,,,,,,×,,2024-05-27,×,"5,000",0.0,"8,000",572.0,,,副原料無添,,,
,,25120028830,15.0,38100,2024-06-06,,ﾌﾟﾚﾐｱﾑｼｮｰﾄ-CF(S),,,,,,,,〇,,,,,,,,×,,2024-06-06,×,"5,000",0.0,"8,000",286.0,,,副原料無添,,,
,,25120028830,15.0,25400,2024-06-10,,ﾌﾟﾚﾐｱﾑｼｮｰﾄ-CF(S),,,,,,,,〇,,,,,,,,×,,2024-06-10,×,"5,000",0.0,"8,000",191.0,,,副原料無添,,,
,,25120028870,15.0,12700,2024-02-26,,ﾌﾟﾚﾐｱﾑｼｮｰﾄ-CF(H),,,,,,,,〇,,,,,,,,×,,2024-02-26,×,"5,000",0.0,"8,000",96.0,,,副原料無添,,,
,,25120028870,15.0,12700,2024-04-15,,ﾌﾟﾚﾐｱﾑｼｮｰﾄ-CF(H),,,,,,,,〇,,,,,,,,×,,2024-04-15,×,"5,000",0.0,"8,000",96.0,,,副原料無添,,,
,,25120028870,15.0,12700,2024-04-11,,ﾌﾟﾚﾐｱﾑｼｮｰﾄ-CF(H),,,,,,,,〇,,,,,,,,×,,2024-04-11,×,"5,000",0.0,"8,000",96.0,,,副原料無添,,,
,,25120028870,15.0,12700,2024-04-04,,ﾌﾟﾚﾐｱﾑｼｮｰﾄ-CF(H),,,,,,,,〇,,,,,,,,×,,2024-04-04,×,"5,000",0.0,"8,000",96.0,,,副原料無添,,,
,,25120028870,15.0,12700,2024-04-30,,ﾌﾟﾚﾐｱﾑｼｮｰﾄ-CF(H),,,,,,,,〇,,,,,,,,×,,2024-04-30,×,"5,000",0.0,"8,000",96.0,,,副原料無添,,,
,,25120028870,15.0,12700,2024-05-20,,ﾌﾟﾚﾐｱﾑｼｮｰﾄ-CF(H),,,,,,,,〇,,,,,,,,×,,2024-05-20,×,"5,000",0.0,"8,000",96.0,,,副原料無添,,,
,,25120028870,15.0,12700,2024-05-10,,ﾌﾟﾚﾐｱﾑｼｮｰﾄ-CF(H),,,,,,,,〇,,,,,,,,×,,2024-05-10,×,"5,000",0.0,"8,000",96.0,,,副原料無添,,,
,,25120028870,15.0,12700,2024-05-27,,ﾌﾟﾚﾐｱﾑｼｮｰﾄ-CF(H),,,,,,,,〇,,,,,,,,×,,2024-05-27,×,"5,000",0.0,"8,000",96.0,,,副原料無添,,,
,,25120028870,15.0,12700,2024-06-06,,ﾌﾟﾚﾐｱﾑｼｮｰﾄ-CF(H),,,,,,,,〇,,,,,,,,×,,2024-06-06,×,"5,000",0.0,"8,000",96.0,,,副原料無添,,,
,,25120028870,15.0,12700,2024-06-10,,ﾌﾟﾚﾐｱﾑｼｮｰﾄ-CF(H),,,,,,,,〇,,,,,,,,×,,2024-06-10,×,"5,000",0.0,"8,000",96.0,,,副原料無添,,,
,,25130921830,15.0,6000,2024-04-13,,ｼｮｰﾄﾆﾝｸﾞAM DIR(S),,,,,,,,,,,,,,,,×,,2024-04-12,×,"5,800",0.0,"8,000",45.0,,,,,,
,,25130921830,15.0,6000,2024-05-07,,ｼｮｰﾄﾆﾝｸﾞAM DIR(S),,,,,,,,,,,,,,,,×,,2024-05-07,×,"5,800",0.0,"8,000",45.0,,,,,,
,,25132325830,10.0,12700,2024-02-26,,ﾌﾟﾚﾐｱﾑｼｮｰﾄCF 10K(S),,,,,,,,〇,,,,,,,,×,,2024-02-26,×,"5,400",0.0,"5,400",142.0,,,副原料無添,,,
,,25132325830,10.0,12700,2024-03-21,,ﾌﾟﾚﾐｱﾑｼｮｰﾄCF 10K(S),,,,,,,,〇,,,,,,,,×,,2024-03-21,×,"5,400",0.0,"5,400",142.0,,,副原料無添,,,
,,25132325830,10.0,12700,2024-04-04,,ﾌﾟﾚﾐｱﾑｼｮｰﾄCF 10K(S),,,,,,,,〇,,,,,,,,×,,2024-04-04,×,"5,400",0.0,"5,400",142.0,,,副原料無添,,,
,,25132325830,10.0,12700,2024-04-13,,ﾌﾟﾚﾐｱﾑｼｮｰﾄCF 10K(S),,,,,,,,〇,,,,,,,,×,,2024-04-12,×,"5,400",0.0,"5,400",142.0,,,副原料無添,,,
,,25132325830,10.0,12700,2024-04-22,,ﾌﾟﾚﾐｱﾑｼｮｰﾄCF 10K(S),,,,,,,,〇,,,,,,,,×,,2024-04-22,×,"5,400",0.0,"5,400",142.0,,,副原料無添,,,
,,25132325830,10.0,12700,2024-04-30,,ﾌﾟﾚﾐｱﾑｼｮｰﾄCF 10K(S),,,,,,,,〇,,,,,,,,×,,2024-04-30,×,"5,400",0.0,"5,400",142.0,,,副原料無添,,,
,,25132325830,10.0,12700,2024-05-10,,ﾌﾟﾚﾐｱﾑｼｮｰﾄCF 10K(S),,,,,,,,〇,,,,,,,,×,,2024-05-10,×,"5,400",0.0,"5,400",142.0,,,副原料無添,,,
,,25132325830,10.0,12700,2024-05-18,,ﾌﾟﾚﾐｱﾑｼｮｰﾄCF 10K(S),,,,,,,,〇,,,,,,,,×,,2024-05-17,×,"5,400",0.0,"5,400",142.0,,,副原料無添,,,
,,25134723850,15.0,12700,2024-03-25,,IKｼｮｰﾄ(M),,,,,,,,,,,,,,,,×,,2024-03-25,×,"6,000",0.0,"8,000",96.0,,,,,,
,,25134723850,15.0,12700,2024-04-09,,IKｼｮｰﾄ(M),,,,,,,,,,,,,,,,×,,2024-04-09,×,"6,000",0.0,"8,000",96.0,,,,,,
,,25134723850,15.0,12700,2024-04-26,,IKｼｮｰﾄ(M),,,,,,,,,,,,,,,,×,,2024-04-26,×,"6,000",0.0,"8,000",96.0,,,,,,
,,25134723850,15.0,12700,2024-05-13,,IKｼｮｰﾄ(M),,,,,,,,,,,,,,,,×,,2024-05-13,×,"6,000",0.0,"8,000",96.0,,,,,,
,,25134723850,15.0,12700,2024-04-23,,IKｼｮｰﾄ(M),,,,,,,,,,,,,,,,×,,2024-04-23,×,"6,000",0.0,"8,000",96.0,,,,,,
,,25134723850,15.0,12700,2024-05-06,,IKｼｮｰﾄ(M),,,,,,,,,,,,,,,,×,,2024-05-06,×,"6,000",0.0,"8,000",96.0,,,,,,
,,25134723850,15.0,12700,2024-05-15,,IKｼｮｰﾄ(M),,,,,,,,,,,,,,,,×,,2024-05-15,×,"6,000",0.0,"8,000",96.0,,,,,,
,,25134723850,15.0,12700,2024-05-27,,IKｼｮｰﾄ(M),,,,,,,,,,,,,,,,×,,2024-05-27,×,"6,000",0.0,"8,000",96.0,,,,,,
,,25134723850,15.0,12700,2024-06-11,,IKｼｮｰﾄ(M),,,,,,,,,,,,,,,,×,,2024-06-11,×,"6,000",0.0,"8,000",96.0,,,,,,
,,25152321830,15.0,12700,2024-02-29,,PSV(S),,,,,,,,〇,,,,,,,,×,,2024-02-29,×,"4,400",0.0,"8,000",96.0,,,副原料無添,,,
,,25152321830,15.0,6000,2024-05-07,,PSV(S),,,,,,,,〇,,,,,,,,×,,2024-05-07,×,"4,400",0.0,"8,000",45.0,,,副原料無添,,,
,,25152321830,15.0,6000,2024-05-14,,PSV(S),,,,,,,,〇,,,,,,,,×,,2024-05-14,×,"4,400",0.0,"8,000",45.0,,,副原料無添,,,
,,25212222850,15.0,6000,2024-04-30,,ﾁｴｽﾀ-88-TL(M),,,,,,,,,,,〇,,,,,×,,2024-04-29,×,"6,000",0.0,"5,400",67.0,,,,,,
,,25217621360,15.0,12700,2024-03-06,,ｻﾝﾄﾞｼｮｰﾄNT (36ﾟC),,,,,,,,,,,,,低,,,×,,2024-03-06,×,"6,000",0.0,"8,000",96.0,,,,,,
,,25217621360,15.0,12700,2024-03-25,,ｻﾝﾄﾞｼｮｰﾄNT (36ﾟC),,,,,,,,,,,,,低,,,×,,2024-03-25,×,"6,000",0.0,"8,000",96.0,,,,,,
,,25217621360,15.0,12700,2024-04-08,,ｻﾝﾄﾞｼｮｰﾄNT (36ﾟC),,,,,,,,,,,,,低,,,×,,2024-04-08,×,"6,000",0.0,"8,000",96.0,,,,,,
,,25217621360,15.0,12700,2024-04-15,,ｻﾝﾄﾞｼｮｰﾄNT (36ﾟC),,,,,,,,,,,,,低,,,×,,2024-04-15,×,"6,000",0.0,"8,000",96.0,,,,,,
,,25217621360,15.0,12700,2024-04-22,,ｻﾝﾄﾞｼｮｰﾄNT (36ﾟC),,,,,,,,,,,,,低,,,×,,2024-04-22,×,"6,000",0.0,"8,000",96.0,,,,,,
,,25217722000,18.0,12700,2024-02-29,,ﾁｪｽﾀ-LPV-TL2(18K),,,,,,,,,,,〇,,,,,×,,2024-02-28,×,"6,000",0.0,"8,000",96.0,,,底ﾊﾟｯﾄﾞ敷あり｡公出時生産不可｡,,,
,,25217722000,18.0,12700,2024-03-30,,ﾁｪｽﾀ-LPV-TL2(18K),,,,,,,,,,,〇,,,,,×,,2024-03-29,×,"6,000",0.0,"8,000",96.0,,,底ﾊﾟｯﾄﾞ敷あり｡公出時生産不可｡,,,
,,25217722000,18.0,12700,2024-04-06,,ﾁｪｽﾀ-LPV-TL2(18K),,,,,,,,,,,〇,,,,,×,,2024-04-05,×,"6,000",0.0,"8,000",96.0,,,底ﾊﾟｯﾄﾞ敷あり｡公出時生産不可｡,,,
,,25217722000,18.0,12700,2024-04-15,,ﾁｪｽﾀ-LPV-TL2(18K),,,,,,,,,,,〇,,,,,×,,2024-04-12,×,"6,000",0.0,"8,000",96.0,,,底ﾊﾟｯﾄﾞ敷あり｡公出時生産不可｡,,,
,,25217722000,18.0,12700,2024-04-30,,ﾁｪｽﾀ-LPV-TL2(18K),,,,,,,,,,,〇,,,,,×,,2024-04-29,×,"6,000",0.0,"8,000",96.0,,,底ﾊﾟｯﾄﾞ敷あり｡公出時生産不可｡,,,
,,25217722000,18.0,12700,2024-05-06,,ﾁｪｽﾀ-LPV-TL2(18K),,,,,,,,,,,〇,,,,,×,,2024-05-03,×,"6,000",0.0,"8,000",96.0,,,底ﾊﾟｯﾄﾞ敷あり｡公出時生産不可｡,,,
,,25217722000,18.0,12700,2024-05-27,,ﾁｪｽﾀ-LPV-TL2(18K),,,,,,,,,,,〇,,,,,×,,2024-05-24,×,"6,000",0.0,"8,000",96.0,,,底ﾊﾟｯﾄﾞ敷あり｡公出時生産不可｡,,,
,,25222122060,15.0,4500,2024-02-21,,ﾆｭｰｼｮｰﾄﾆﾝｸﾞ(6),,,,,,,,,,,,,,,,×,,2024-02-21,×,"5,100",0.0,"8,000",34.0,,,,,,
,,25222122060,15.0,6000,2024-05-18,,ﾆｭｰｼｮｰﾄﾆﾝｸﾞ(6),,,,,,,,,,,,,,,,×,,2024-05-17,×,"5,100",0.0,"8,000",45.0,,,,,,
,,25224021000,15.0,12700,2024-02-29,,ABｼｮｰﾄ(PM),,,,,,,,,,,〇,,,,,×,,2024-02-28,×,"6,000",0.0,"8,000",96.0,,,,,,
,,25224021000,15.0,12700,2024-03-25,,ABｼｮｰﾄ(PM),,,,,,,,,,,〇,,,,,×,,2024-03-22,×,"6,000",0.0,"8,000",96.0,,,,,,
,,25224021000,15.0,12700,2024-04-03,,ABｼｮｰﾄ(PM),,,,,,,,,,,〇,,,,,×,,2024-04-02,×,"6,000",0.0,"8,000",96.0,,,,,,
,,25224021000,15.0,12700,2024-04-11,,ABｼｮｰﾄ(PM),,,,,,,,,,,〇,,,,,×,,2024-04-10,×,"6,000",0.0,"8,000",96.0,,,,,,
,,25224021000,15.0,12700,2024-04-22,,ABｼｮｰﾄ(PM),,,,,,,,,,,〇,,,,,×,,2024-04-19,×,"6,000",0.0,"8,000",96.0,,,,,,
,,25224021000,15.0,12700,2024-04-13,,ABｼｮｰﾄ(PM),,,,,,,,,,,〇,,,,,×,,2024-04-12,×,"6,000",0.0,"8,000",96.0,,,,,,
,,25224021000,15.0,12700,2024-05-06,,ABｼｮｰﾄ(PM),,,,,,,,,,,〇,,,,,×,,2024-05-03,×,"6,000",0.0,"8,000",96.0,,,,,,
,,25224021000,15.0,12700,2024-05-27,,ABｼｮｰﾄ(PM),,,,,,,,,,,〇,,,,,×,,2024-05-24,×,"6,000",0.0,"8,000",96.0,,,,,,
,,25224321030,15.0,12700,2024-02-26,,PVｼｮｰﾄ(B) (3),,,,,,,,,,,,,準高,,,×,,2024-02-26,×,"5,400",0.0,"7,500",102.0,,,,,,
,,25224321030,15.0,6000,2024-04-11,,PVｼｮｰﾄ(B) (3),,,,,,,,,,,,,準高,,,×,,2024-04-11,×,"5,400",0.0,"7,500",48.0,,,,,,
,,25224321030,15.0,6000,2024-05-27,,PVｼｮｰﾄ(B) (3),,,,,,,,,,,,,準高,,,×,,2024-05-27,×,"5,400",0.0,"7,500",48.0,,,,,,
,,25224321040,15.0,12700,2024-03-11,,PVｼｮｰﾄ(B) (4),,,,,,,,,,,,,,,,×,,2024-03-11,×,"5,400",0.0,"7,500",102.0,,,,,,
,,25224321040,15.0,12700,2024-03-21,,PVｼｮｰﾄ(B) (4),,,,,,,,,,,,,,,,×,,2024-03-21,×,"5,400",0.0,"7,500",102.0,,,,,,
,,25224321040,15.0,12700,2024-03-30,,PVｼｮｰﾄ(B) (4),,,,,,,,,,,,,,,,×,,2024-03-29,×,"5,400",0.0,"7,500",102.0,,,,,,
,,25224321040,15.0,12700,2024-04-08,,PVｼｮｰﾄ(B) (4),,,,,,,,,,,,,,,,×,,2024-04-08,×,"5,400",0.0,"7,500",102.0,,,,,,
,,25224321040,15.0,12700,2024-04-11,,PVｼｮｰﾄ(B) (4),,,,,,,,,,,,,,,,×,,2024-04-11,×,"5,400",0.0,"7,500",102.0,,,,,,
,,25224321040,15.0,12700,2024-04-15,,PVｼｮｰﾄ(B) (4),,,,,,,,,,,,,,,,×,,2024-04-15,×,"5,400",0.0,"7,500",102.0,,,,,,
,,25224321040,15.0,12700,2024-04-20,,PVｼｮｰﾄ(B) (4),,,,,,,,,,,,,,,,×,,2024-04-19,×,"5,400",0.0,"7,500",102.0,,,,,,
,,25224321040,15.0,12700,2024-04-30,,PVｼｮｰﾄ(B) (4),,,,,,,,,,,,,,,,×,,2024-04-30,×,"5,400",0.0,"7,500",102.0,,,,,,
,,25224321040,15.0,12700,2024-05-10,,PVｼｮｰﾄ(B) (4),,,,,,,,,,,,,,,,×,,2024-05-10,×,"5,400",0.0,"7,500",102.0,,,,,,
,,25224321040,15.0,12700,2024-05-18,,PVｼｮｰﾄ(B) (4),,,,,,,,,,,,,,,,×,,2024-05-17,×,"5,400",0.0,"7,500",102.0,,,,,,
,,25224321040,15.0,12700,2024-05-27,,PVｼｮｰﾄ(B) (4),,,,,,,,,,,,,,,,×,,2024-05-27,×,"5,400",0.0,"7,500",102.0,,,,,,
,,25224321040,15.0,12700,2024-06-11,,PVｼｮｰﾄ(B) (4),,,,,,,,,,,,,,,,×,,2024-06-11,×,"5,400",0.0,"7,500",102.0,,,,,,
,,25224621030,15.0,5000,2024-04-26,,ｱﾙｽﾀ-ｼｮｰﾄﾆﾝｸﾞ (3),,,,,,,,,,,,,,,,×,,2024-04-26,×,"4,400",0.0,"8,000",38.0,,,,,,
,,25224621030,15.0,6000,2024-06-11,,ｱﾙｽﾀ-ｼｮｰﾄﾆﾝｸﾞ (3),,,,,,,,,,,,,,,,×,,2024-06-11,×,"4,400",0.0,"8,000",45.0,,,,,,
,,25225621850,15.0,12700,2024-02-29,,PVｼｮｰﾄEG(M),,,,,,,,,,,,,,,,×,,2024-02-29,×,"6,000",0.0,"8,000",96.0,,,,,,
,,25225621850,15.0,12700,2024-04-08,,PVｼｮｰﾄEG(M),,,,,,,,,,,,,,,,×,,2024-04-08,×,"6,000",0.0,"8,000",96.0,,,,,,
,,25225621850,15.0,12700,2024-04-10,,PVｼｮｰﾄEG(M),,,,,,,,,,,,,,,,×,,2024-04-10,×,"6,000",0.0,"8,000",96.0,,,,,,
,,25225621850,15.0,12700,2024-04-15,,PVｼｮｰﾄEG(M),,,,,,,,,,,,,,,,×,,2024-04-15,×,"6,000",0.0,"8,000",96.0,,,,,,
,,25225621850,15.0,12700,2024-04-30,,PVｼｮｰﾄEG(M),,,,,,,,,,,,,,,,×,,2024-04-30,×,"6,000",0.0,"8,000",96.0,,,,,,
,,25225621850,15.0,12700,2024-05-20,,PVｼｮｰﾄEG(M),,,,,,,,,,,,,,,,×,,2024-05-20,×,"6,000",0.0,"8,000",96.0,,,,,,
,,25225621850,15.0,12700,2024-06-10,,PVｼｮｰﾄEG(M),,,,,,,,,,,,,,,,×,,2024-06-10,×,"6,000",0.0,"8,000",96.0,,,,,,
,,25225621870,15.0,6000,2024-04-11,,PVｼｮｰﾄEG(H),,,,,,,,,,,,,,,,×,,2024-04-11,×,"6,000",0.0,"8,000",45.0,,,,,,
,,25225621870,15.0,6000,2024-05-27,,PVｼｮｰﾄEG(H),,,,,,,,,,,,,,,,×,,2024-05-27,×,"6,000",0.0,"8,000",45.0,,,,,,
,,25226125020,15.0,12700,2024-02-26,,ｱﾒﾘｶ-ﾅDX*(15K),,,,,,,,,,,,,,,,×,,2024-02-26,×,"5,800",0.0,"8,000",96.0,,,,,,
,,25226125020,15.0,12700,2024-03-30,,ｱﾒﾘｶ-ﾅDX*(15K),,,,,,,,,,,,,,,,×,,2024-03-29,×,"5,800",0.0,"8,000",96.0,,,,,,
,,25226125020,15.0,12700,2024-04-08,,ｱﾒﾘｶ-ﾅDX*(15K),,,,,,,,,,,,,,,,×,,2024-04-08,×,"5,800",0.0,"8,000",96.0,,,,,,
,,25226125020,15.0,12700,2024-04-18,,ｱﾒﾘｶ-ﾅDX*(15K),,,,,,,,,,,,,,,,×,,2024-04-18,×,"5,800",0.0,"8,000",96.0,,,,,,
,,25226125020,15.0,12700,2024-04-30,,ｱﾒﾘｶ-ﾅDX*(15K),,,,,,,,,,,,,,,,×,,2024-04-30,×,"5,800",0.0,"8,000",96.0,,,,,,
,,25226125020,15.0,12700,2024-05-13,,ｱﾒﾘｶ-ﾅDX*(15K),,,,,,,,,,,,,,,,×,,2024-05-13,×,"5,800",0.0,"8,000",96.0,,,,,,
,,25226125020,15.0,12700,2024-05-22,,ｱﾒﾘｶ-ﾅDX*(15K),,,,,,,,,,,,,,,,×,,2024-05-22,×,"5,800",0.0,"8,000",96.0,,,,,,
,,25226125020,15.0,12700,2024-05-27,,ｱﾒﾘｶ-ﾅDX*(15K),,,,,,,,,,,,,,,,×,,2024-05-27,×,"5,800",0.0,"8,000",96.0,,,,,,
,,25226125020,15.0,12700,2024-06-11,,ｱﾒﾘｶ-ﾅDX*(15K),,,,,,,,,,,,,,,,×,,2024-06-11,×,"5,800",0.0,"8,000",96.0,,,,,,
,,25230924830,10.0,6000,2024-02-29,,ﾁｴｽﾀ-2000 10K (S),,,,,,,,,,,〇,,,,,×,,2024-02-28,×,"4,800",0.0,"5,400",67.0,,,,,,
,,25230924830,10.0,6000,2024-03-30,,ﾁｴｽﾀ-2000 10K (S),,,,,,,,,,,〇,,,,,×,,2024-03-29,×,"4,800",0.0,"5,400",67.0,,,,,,
,,25230924830,10.0,6000,2024-04-13,,ﾁｴｽﾀ-2000 10K (S),,,,,,,,,,,〇,,,,,×,,2024-04-12,×,"4,800",0.0,"5,400",67.0,,,,,,
,,25230924830,10.0,6000,2024-04-30,,ﾁｴｽﾀ-2000 10K (S),,,,,,,,,,,〇,,,,,×,,2024-04-29,×,"4,800",0.0,"5,400",67.0,,,,,,
,,25230924830,10.0,6000,2024-04-13,,ﾁｴｽﾀ-2000 10K (S),,,,,,,,,,,〇,,,,,×,,2024-04-12,×,"4,800",0.0,"5,400",67.0,,,,,,
,,25230924830,10.0,6000,2024-05-20,,ﾁｴｽﾀ-2000 10K (S),,,,,,,,,,,〇,,,,,×,,2024-05-17,×,"4,800",0.0,"5,400",67.0,,,,,,
,,25230924850,10.0,6000,2024-04-06,,ﾁｴｽﾀ-2000 10K (M),,,,,,,,,,,〇,,,,,×,,2024-04-05,×,"4,800",0.0,"5,400",67.0,,,,,,
,,25230924850,10.0,6000,2024-04-15,,ﾁｴｽﾀ-2000 10K (M),,,,,,,,,,,〇,,,,,×,,2024-04-12,×,"4,800",0.0,"5,400",67.0,,,,,,
,,25230924850,10.0,6000,2024-04-30,,ﾁｴｽﾀ-2000 10K (M),,,,,,,,,,,〇,,,,,×,,2024-04-29,×,"4,800",0.0,"5,400",67.0,,,,,,
,,25230924850,10.0,6000,2024-04-11,,ﾁｴｽﾀ-2000 10K (M),,,,,,,,,,,〇,,,,,×,,2024-04-10,×,"4,800",0.0,"5,400",67.0,,,,,,
,,25230924890,10.0,6000,2024-03-25,,ﾁｴｽﾀ-2000 10K (HH),,,,,,,,,,,〇,,,,,×,,2024-03-22,×,"4,800",0.0,"5,400",67.0,,,,,,
,,25230924890,10.0,6000,2024-04-13,,ﾁｴｽﾀ-2000 10K (HH),,,,,,,,,,,〇,,,,,×,,2024-04-12,×,"4,800",0.0,"5,400",67.0,,,,,,
,,25230924890,10.0,6000,2024-04-26,,ﾁｴｽﾀ-2000 10K (HH),,,,,,,,,,,〇,,,,,×,,2024-04-25,×,"4,800",0.0,"5,400",67.0,,,,,,
,,25230924890,10.0,6000,2024-05-11,,ﾁｴｽﾀ-2000 10K (HH),,,,,,,,,,,〇,,,,,×,,2024-05-10,×,"4,800",0.0,"5,400",67.0,,,,,,
,,25230924890,10.0,6000,2024-04-27,,ﾁｴｽﾀ-2000 10K (HH),,,,,,,,,,,〇,,,,,×,,2024-04-26,×,"4,800",0.0,"5,400",67.0,,,,,,
,,25230924890,10.0,6000,2024-05-07,,ﾁｴｽﾀ-2000 10K (HH),,,,,,,,,,,〇,,,,,×,,2024-05-06,×,"4,800",0.0,"5,400",67.0,,,,,,
,,25230924890,10.0,6000,2024-05-13,,ﾁｴｽﾀ-2000 10K (HH),,,,,,,,,,,〇,,,,,×,,2024-05-10,×,"4,800",0.0,"5,400",67.0,,,,,,
,,25230924890,10.0,6000,2024-05-06,,ﾁｴｽﾀ-2000 10K (HH),,,,,,,,,,,〇,,,,,×,,2024-05-03,×,"4,800",0.0,"5,400",67.0,,,,,,
,,25230924890,10.0,12700,2024-05-20,,ﾁｴｽﾀ-2000 10K (HH),,,,,,,,,,,〇,,,,,×,,2024-05-17,×,"4,800",0.0,"5,400",142.0,,,,,,
,,25230924890,10.0,12700,2024-05-27,,ﾁｴｽﾀ-2000 10K (HH),,,,,,,,,,,〇,,,,,×,,2024-05-24,×,"4,800",0.0,"5,400",142.0,,,,,,
,,25230924890,10.0,6000,2024-05-20,,ﾁｴｽﾀ-2000 10K (HH),,,,,,,,,,,〇,,,,,×,,2024-05-17,×,"4,800",0.0,"5,400",67.0,,,,,,
,,25230924890,10.0,6000,2024-05-27,,ﾁｴｽﾀ-2000 10K (HH),,,,,,,,,,,〇,,,,,×,,2024-05-24,×,"4,800",0.0,"5,400",67.0,,,,,,
,,25230924890,10.0,6000,2024-06-08,,ﾁｴｽﾀ-2000 10K (HH),,,,,,,,,,,〇,,,,,×,,2024-06-07,×,"4,800",0.0,"5,400",67.0,,,,,,
,,25232924850,15.0,12700,2024-02-29,,NCｼｮｰﾄ(DIR)(M),,,,,,,,,,,,,,,,×,,2024-02-29,×,"6,000",0.0,"8,000",96.0,,,,,,
,,25232924850,15.0,12700,2024-03-11,,NCｼｮｰﾄ(DIR)(M),,,,,,,,,,,,,,,,×,,2024-03-11,×,"6,000",0.0,"8,000",96.0,,,,,,
,,25232924850,15.0,12700,2024-03-30,,NCｼｮｰﾄ(DIR)(M),,,,,,,,,,,,,,,,×,,2024-03-29,×,"6,000",0.0,"8,000",96.0,,,,,,
,,25232924850,15.0,12700,2024-04-04,,NCｼｮｰﾄ(DIR)(M),,,,,,,,,,,,,,,,×,,2024-04-04,×,"6,000",0.0,"8,000",96.0,,,,,,
,,25232924850,15.0,12700,2024-04-13,,NCｼｮｰﾄ(DIR)(M),,,,,,,,,,,,,,,,×,,2024-04-12,×,"6,000",0.0,"8,000",96.0,,,,,,
,,25232924850,15.0,12700,2024-04-25,,NCｼｮｰﾄ(DIR)(M),,,,,,,,,,,,,,,,×,,2024-04-25,×,"6,000",0.0,"8,000",96.0,,,,,,
,,25232924850,15.0,12700,2024-05-04,,NCｼｮｰﾄ(DIR)(M),,,,,,,,,,,,,,,,×,,2024-05-03,×,"6,000",0.0,"8,000",96.0,,,,,,
,,25232924850,15.0,12700,2024-05-13,,NCｼｮｰﾄ(DIR)(M),,,,,,,,,,,,,,,,×,,2024-05-13,×,"6,000",0.0,"8,000",96.0,,,,,,
,,25232924850,15.0,12700,2024-04-10,,NCｼｮｰﾄ(DIR)(M),,,,,,,,,,,,,,,,×,,2024-04-10,×,"6,000",0.0,"8,000",96.0,,,,,,
,,25232924850,15.0,12700,2024-05-07,,NCｼｮｰﾄ(DIR)(M),,,,,,,,,,,,,,,,×,,2024-05-07,×,"6,000",0.0,"8,000",96.0,,,,,,
,,25232924850,15.0,12700,2024-05-04,,NCｼｮｰﾄ(DIR)(M),,,,,,,,,,,,,,,,×,,2024-05-03,×,"6,000",0.0,"8,000",96.0,,,,,,
,,25232924850,15.0,12700,2024-05-20,,NCｼｮｰﾄ(DIR)(M),,,,,,,,,,,,,,,,×,,2024-05-20,×,"6,000",0.0,"8,000",96.0,,,,,,
,,25232924850,15.0,12700,2024-05-27,,NCｼｮｰﾄ(DIR)(M),,,,,,,,,,,,,,,,×,,2024-05-27,×,"6,000",0.0,"8,000",96.0,,,,,,
,,25232924850,15.0,12700,2024-06-08,,NCｼｮｰﾄ(DIR)(M),,,,,,,,,,,,,,,,×,,2024-06-07,×,"6,000",0.0,"8,000",96.0,,,,,,
,,25244422870,15.0,12700,2024-02-26,,ｲﾄｳIK-NT(H),,,,,,,,,,,,,,,,×,,2024-02-26,×,"5,000",0.0,"8,000",96.0,,,,,,
,,25244422870,15.0,12700,2024-03-11,,ｲﾄｳIK-NT(H),,,,,,,,,,,,,,,,×,,2024-03-11,×,"5,000",0.0,"8,000",96.0,,,,,,
,,25244422870,15.0,12700,2024-03-18,,ｲﾄｳIK-NT(H),,,,,,,,,,,,,,,,×,,2024-03-18,×,"5,000",0.0,"8,000",96.0,,,,,,
,,25244422870,15.0,12700,2024-03-21,,ｲﾄｳIK-NT(H),,,,,,,,,,,,,,,,×,,2024-03-21,×,"5,000",0.0,"8,000",96.0,,,,,,
,,25244422870,15.0,12700,2024-03-25,,ｲﾄｳIK-NT(H),,,,,,,,,,,,,,,,×,,2024-03-25,×,"5,000",0.0,"8,000",96.0,,,,,,
,,25244422870,15.0,12700,2024-03-30,,ｲﾄｳIK-NT(H),,,,,,,,,,,,,,,,×,,2024-03-29,×,"5,000",0.0,"8,000",96.0,,,,,,
,,25244422870,15.0,12700,2024-04-04,,ｲﾄｳIK-NT(H),,,,,,,,,,,,,,,,×,,2024-04-04,×,"5,000",0.0,"8,000",96.0,,,,,,
,,25244422870,15.0,12700,2024-04-08,,ｲﾄｳIK-NT(H),,,,,,,,,,,,,,,,×,,2024-04-08,×,"5,000",0.0,"8,000",96.0,,,,,,
,,25244422870,15.0,12700,2024-04-10,,ｲﾄｳIK-NT(H),,,,,,,,,,,,,,,,×,,2024-04-10,×,"5,000",0.0,"8,000",96.0,,,,,,
,,25244422870,15.0,12700,2024-04-15,,ｲﾄｳIK-NT(H),,,,,,,,,,,,,,,,×,,2024-04-15,×,"5,000",0.0,"8,000",96.0,,,,,,
,,25244422870,15.0,12700,2024-04-17,,ｲﾄｳIK-NT(H),,,,,,,,,,,,,,,,×,,2024-04-17,×,"5,000",0.0,"8,000",96.0,,,,,,
,,25244422870,15.0,12700,2024-04-20,,ｲﾄｳIK-NT(H),,,,,,,,,,,,,,,,×,,2024-04-19,×,"5,000",0.0,"8,000",96.0,,,,,,
,,25244422870,15.0,12700,2024-04-22,,ｲﾄｳIK-NT(H),,,,,,,,,,,,,,,,×,,2024-04-22,×,"5,000",0.0,"8,000",96.0,,,,,,
,,25244422870,15.0,12700,2024-04-01,,ｲﾄｳIK-NT(H),,,,,,,,,,,,,,,,×,,2024-04-01,×,"5,000",0.0,"8,000",96.0,,,,,,
,,25244422870,15.0,12700,2024-04-10,,ｲﾄｳIK-NT(H),,,,,,,,,,,,,,,,×,,2024-04-10,×,"5,000",0.0,"8,000",96.0,,,,,,
,,25244422870,15.0,12700,2024-04-25,,ｲﾄｳIK-NT(H),,,,,,,,,,,,,,,,×,,2024-04-25,×,"5,000",0.0,"8,000",96.0,,,,,,
,,25244422870,15.0,12700,2024-04-30,,ｲﾄｳIK-NT(H),,,,,,,,,,,,,,,,×,,2024-04-30,×,"5,000",0.0,"8,000",96.0,,,,,,
,,25244422870,15.0,12700,2024-05-09,,ｲﾄｳIK-NT(H),,,,,,,,,,,,,,,,×,,2024-05-09,×,"5,000",0.0,"8,000",96.0,,,,,,
,,25244422870,15.0,12700,2024-05-13,,ｲﾄｳIK-NT(H),,,,,,,,,,,,,,,,×,,2024-05-13,×,"5,000",0.0,"8,000",96.0,,,,,,
,,25244422870,15.0,12700,2024-04-15,,ｲﾄｳIK-NT(H),,,,,,,,,,,,,,,,×,,2024-04-15,×,"5,000",0.0,"8,000",96.0,,,,,,
,,25244422870,15.0,12700,2024-05-03,,ｲﾄｳIK-NT(H),,,,,,,,,,,,,,,,×,,2024-05-03,×,"5,000",0.0,"8,000",96.0,,,,,,
,,25244422870,15.0,12700,2024-05-14,,ｲﾄｳIK-NT(H),,,,,,,,,,,,,,,,×,,2024-05-14,×,"5,000",0.0,"8,000",96.0,,,,,,
,,25244422870,15.0,12700,2024-05-16,,ｲﾄｳIK-NT(H),,,,,,,,,,,,,,,,×,,2024-05-16,×,"5,000",0.0,"8,000",96.0,,,,,,
,,25244422870,15.0,12700,2024-05-20,,ｲﾄｳIK-NT(H),,,,,,,,,,,,,,,,×,,2024-05-20,×,"5,000",0.0,"8,000",96.0,,,,,,
,,25244422870,15.0,12700,2024-05-22,,ｲﾄｳIK-NT(H),,,,,,,,,,,,,,,,×,,2024-05-22,×,"5,000",0.0,"8,000",96.0,,,,,,
,,25244422870,15.0,12700,2024-05-23,,ｲﾄｳIK-NT(H),,,,,,,,,,,,,,,,×,,2024-05-23,×,"5,000",0.0,"8,000",96.0,,,,,,
,,25244422870,15.0,25400,2024-05-27,,ｲﾄｳIK-NT(H),,,,,,,,,,,,,,,,×,,2024-05-27,×,"5,000",0.0,"8,000",191.0,,,,,,
,,25244422870,15.0,12700,2024-06-10,,ｲﾄｳIK-NT(H),,,,,,,,,,,,,,,,×,,2024-06-10,×,"5,000",0.0,"8,000",96.0,,,,,,
,,25280921850,15.0,12700,2024-03-11,,ﾏｲﾙﾄﾞﾌｱﾂﾄDX(M),,,,,,,,,〇,,〇,,,,,×,,2024-03-08,×,"6,400",0.0,"8,000",96.0,,,ﾊｲDXﾌｧｯﾄ→ｻﾝﾄﾞｸﾘｰﾑMTR→ﾏｲﾙﾄﾞﾌｧｯﾄDXの順で連続可能｡,,,
,,25280921850,15.0,10000,2024-04-08,,ﾏｲﾙﾄﾞﾌｱﾂﾄDX(M),,,,,,,,,〇,,〇,,,,,×,,2024-04-05,×,"6,400",0.0,"8,000",75.0,,,ﾊｲDXﾌｧｯﾄ→ｻﾝﾄﾞｸﾘｰﾑMTR→ﾏｲﾙﾄﾞﾌｧｯﾄDXの順で連続可能｡,,,
,,25280921850,15.0,4464,2024-05-13,,ﾏｲﾙﾄﾞﾌｱﾂﾄDX(M),,,,,,,,,〇,,〇,,,,,×,,2024-05-10,×,"6,400",0.0,"8,000",34.0,,,ﾊｲDXﾌｧｯﾄ→ｻﾝﾄﾞｸﾘｰﾑMTR→ﾏｲﾙﾄﾞﾌｧｯﾄDXの順で連続可能｡,,,
,,25286621830,15.0,12700,2024-02-29,,EZｼｮｰﾄﾆﾝｸﾞ(S),,,,,,,,〇,,,,,,,,×,,2024-02-29,×,"4,000",0.0,"6,000",127.0,,,副原料無添,,,
,,25286621830,15.0,12700,2024-03-11,,EZｼｮｰﾄﾆﾝｸﾞ(S),,,,,,,,〇,,,,,,,,×,,2024-03-11,×,"4,000",0.0,"6,000",127.0,,,副原料無添,,,
,,25286621830,15.0,12700,2024-03-30,,EZｼｮｰﾄﾆﾝｸﾞ(S),,,,,,,,〇,,,,,,,,×,,2024-03-29,×,"4,000",0.0,"6,000",127.0,,,副原料無添,,,
,,25286621830,15.0,12700,2024-04-15,,EZｼｮｰﾄﾆﾝｸﾞ(S),,,,,,,,〇,,,,,,,,×,,2024-04-15,×,"4,000",0.0,"6,000",127.0,,,副原料無添,,,
,,25286621830,15.0,12700,2024-04-22,,EZｼｮｰﾄﾆﾝｸﾞ(S),,,,,,,,〇,,,,,,,,×,,2024-04-22,×,"4,000",0.0,"6,000",127.0,,,副原料無添,,,
,,25286621830,15.0,12700,2024-04-11,,EZｼｮｰﾄﾆﾝｸﾞ(S),,,,,,,,〇,,,,,,,,×,,2024-04-11,×,"4,000",0.0,"6,000",127.0,,,副原料無添,,,
,,25286621830,15.0,12700,2024-04-25,,EZｼｮｰﾄﾆﾝｸﾞ(S),,,,,,,,〇,,,,,,,,×,,2024-04-25,×,"4,000",0.0,"6,000",127.0,,,副原料無添,,,
,,25286621830,15.0,12700,2024-05-09,,EZｼｮｰﾄﾆﾝｸﾞ(S),,,,,,,,〇,,,,,,,,×,,2024-05-09,×,"4,000",0.0,"6,000",127.0,,,副原料無添,,,
,,25286621830,15.0,12700,2024-05-20,,EZｼｮｰﾄﾆﾝｸﾞ(S),,,,,,,,〇,,,,,,,,×,,2024-05-20,×,"4,000",0.0,"6,000",127.0,,,副原料無添,,,
,,25286621830,15.0,12700,2024-05-27,,EZｼｮｰﾄﾆﾝｸﾞ(S),,,,,,,,〇,,,,,,,,×,,2024-05-27,×,"4,000",0.0,"6,000",127.0,,,副原料無添,,,
,,25286621830,15.0,12700,2024-06-10,,EZｼｮｰﾄﾆﾝｸﾞ(S),,,,,,,,〇,,,,,,,,×,,2024-06-10,×,"4,000",0.0,"6,000",127.0,,,副原料無添,,,
,,25299021000,15.0,12700,2024-02-29,,ｼｮ-ﾄﾆﾝｸﾞLO-T2,,,,,,,,,,,,,,,,×,,2024-02-29,×,"6,000",0.0,"8,000",96.0,,,,,,
,,25299021000,15.0,12700,2024-04-06,,ｼｮ-ﾄﾆﾝｸﾞLO-T2,,,,,,,,,,,,,,,,×,,2024-04-05,×,"6,000",0.0,"8,000",96.0,,,,,,
,,25299021000,15.0,12700,2024-04-15,,ｼｮ-ﾄﾆﾝｸﾞLO-T2,,,,,,,,,,,,,,,,×,,2024-04-15,×,"6,000",0.0,"8,000",96.0,,,,,,
,,25299021000,15.0,12700,2024-05-09,,ｼｮ-ﾄﾆﾝｸﾞLO-T2,,,,,,,,,,,,,,,,×,,2024-05-09,×,"6,000",0.0,"8,000",96.0,,,,,,
,,25299021000,15.0,12700,2024-05-13,,ｼｮ-ﾄﾆﾝｸﾞLO-T2,,,,,,,,,,,,,,,,×,,2024-05-13,×,"6,000",0.0,"8,000",96.0,,,,,,
,,25299021000,15.0,12700,2024-05-27,,ｼｮ-ﾄﾆﾝｸﾞLO-T2,,,,,,,,,,,,,,,,×,,2024-05-27,×,"6,000",0.0,"8,000",96.0,,,,,,
,,25306521830,10.0,12700,2024-04-17,,ﾘｽﾌﾚ-ﾃSP-Ⅱ(S),,,,,,,,,,,,,,,,×,,2024-04-17,×,"4,050",0.0,"5,400",142.0,,,,,,
,,25306521830,10.0,12700,2024-04-22,,ﾘｽﾌﾚ-ﾃSP-Ⅱ(S),,,,,,,,,,,,,,,,×,,2024-04-22,×,"4,050",0.0,"5,400",142.0,,,,,,
,,25306521830,10.0,6000,2024-05-27,,ﾘｽﾌﾚ-ﾃSP-Ⅱ(S),,,,,,,,,,,,,,,,×,,2024-05-27,×,"4,050",0.0,"5,400",67.0,,,,,,
,,25317521870,15.0,12700,2024-03-11,,ｼｮｰﾄﾆﾝｸﾞYA-III(H),,,,,,,,〇,,,,,,,,×,,2024-03-11,×,"6,000",0.0,"8,000",96.0,,,副原料無添,,,
,,25317521870,15.0,12700,2024-03-18,,ｼｮｰﾄﾆﾝｸﾞYA-III(H),,,,,,,,〇,,,,,,,,×,,2024-03-18,×,"6,000",0.0,"8,000",96.0,,,副原料無添,,,
,,25317521870,15.0,12700,2024-04-22,,ｼｮｰﾄﾆﾝｸﾞYA-III(H),,,,,,,,〇,,,,,,,,×,,2024-04-22,×,"6,000",0.0,"8,000",96.0,,,副原料無添,,,
,,25317521870,15.0,12700,2024-05-20,,ｼｮｰﾄﾆﾝｸﾞYA-III(H),,,,,,,,〇,,,,,,,,×,,2024-05-20,×,"6,000",0.0,"8,000",96.0,,,副原料無添,,,
,,25318821000,15.0,28500,2024-03-25,,ｱ-ﾈｽﾄ,,,,,,,,,,,,,,,,×,,2024-03-25,○,-,0.0,"7,500",228.0,,,,,,
,,25318821000,15.0,28500,2024-04-04,,ｱ-ﾈｽﾄ,,,,,,,,,,,,,,,,×,,2024-04-04,○,-,0.0,"7,500",228.0,,,,,,
,,25318821000,15.0,28500,2024-04-18,,ｱ-ﾈｽﾄ,,,,,,,,,,,,,,,,×,,2024-04-18,○,-,0.0,"7,500",228.0,,,,,,
,,25318821000,15.0,28500,2024-04-24,,ｱ-ﾈｽﾄ,,,,,,,,,,,,,,,,×,,2024-04-24,○,-,0.0,"7,500",228.0,,,,,,
,,25318821000,15.0,28500,2024-05-08,,ｱ-ﾈｽﾄ,,,,,,,,,,,,,,,,×,,2024-05-08,○,-,0.0,"7,500",228.0,,,,,,
,,25318821000,15.0,28500,2024-05-22,,ｱ-ﾈｽﾄ,,,,,,,,,,,,,,,,×,,2024-05-22,○,-,0.0,"7,500",228.0,,,,,,
,,25318821000,15.0,28500,2024-06-11,,ｱ-ﾈｽﾄ,,,,,,,,,,,,,,,,×,,2024-06-11,○,-,0.0,"7,500",228.0,,,,,,
,,25710721000,15.0,12700,2024-03-25,,FPｼｮ-ﾄLT2,,,,,,,,,,,〇,,,,,○,,2024-03-22,×,"6,000",0.0,"8,000",96.0,,,,,,
,,25710721000,15.0,12700,2024-04-02,,FPｼｮ-ﾄLT2,,,,,,,,,,,〇,,,,,○,,2024-04-01,×,"6,000",0.0,"8,000",96.0,,,,,,
,,25710721000,15.0,12700,2024-04-08,,FPｼｮ-ﾄLT2,,,,,,,,,,,〇,,,,,○,,2024-04-05,×,"6,000",0.0,"8,000",96.0,,,,,,
,,25710721000,15.0,12700,2024-04-11,,FPｼｮ-ﾄLT2,,,,,,,,,,,〇,,,,,○,,2024-04-10,×,"6,000",0.0,"8,000",96.0,,,,,,
,,25710721000,15.0,12700,2024-04-20,,FPｼｮ-ﾄLT2,,,,,,,,,,,〇,,,,,○,,2024-04-19,×,"6,000",0.0,"8,000",96.0,,,,,,
,,25710721000,15.0,12700,2024-04-24,,FPｼｮ-ﾄLT2,,,,,,,,,,,〇,,,,,○,,2024-04-23,×,"6,000",0.0,"8,000",96.0,,,,,,
,,25710721000,15.0,12700,2024-05-09,,FPｼｮ-ﾄLT2,,,,,,,,,,,〇,,,,,○,,2024-05-08,×,"6,000",0.0,"8,000",96.0,,,,,,
,,25710721000,15.0,12700,2024-05-15,,FPｼｮ-ﾄLT2,,,,,,,,,,,〇,,,,,○,,2024-05-14,×,"6,000",0.0,"8,000",96.0,,,,,,
,,25710721000,15.0,12700,2024-05-22,,FPｼｮ-ﾄLT2,,,,,,,,,,,〇,,,,,○,,2024-05-21,×,"6,000",0.0,"8,000",96.0,,,,,,
,,25710721000,15.0,12700,2024-05-27,,FPｼｮ-ﾄLT2,,,,,,,,,,,〇,,,,,○,,2024-05-24,×,"6,000",0.0,"8,000",96.0,,,,,,
,,25710721000,15.0,12700,2024-06-03,,FPｼｮ-ﾄLT2,,,,,,,,,,,〇,,,,,○,,2024-05-31,×,"6,000",0.0,"8,000",96.0,,,,,,
,,25710721000,15.0,12700,2024-06-10,,FPｼｮ-ﾄLT2,,,,,,,,,,,〇,,,,,○,,2024-06-07,×,"6,000",0.0,"8,000",96.0,,,,,,
,,25710721000,15.0,12700,2024-06-12,,FPｼｮ-ﾄLT2,,,,,,,,,,,〇,,,,,○,,2024-06-11,×,"6,000",0.0,"8,000",96.0,,,,,,
,,25710721000,15.0,12700,2024-06-17,,FPｼｮ-ﾄLT2,,,,,,,,,,,〇,,,,,○,,2024-06-14,×,"6,000",0.0,"8,000",96.0,,,,,,
,,25710721000,15.0,12700,2024-05-25,,FPｼｮ-ﾄLT2,,,,,,,,,,,〇,,,,,○,,2024-05-24,×,"6,000",0.0,"8,000",96.0,,,,,,
,,25710722000,15.0,12700,2024-02-27,,FPｼｮｰﾄLT2(15K),,,,,,,,,,,〇,,,,,×,,2024-02-26,×,"6,000",0.0,"8,000",96.0,,,,,,
,,25710722000,15.0,12700,2024-04-03,,FPｼｮｰﾄLT2(15K),,,,,,,,,,,〇,,,,,×,,2024-04-02,×,"6,000",0.0,"8,000",96.0,,,,,,
,,25710722000,15.0,12700,2024-04-10,,FPｼｮｰﾄLT2(15K),,,,,,,,,,,〇,,,,,×,,2024-04-09,×,"6,000",0.0,"8,000",96.0,,,,,,
,,25710722000,15.0,12700,2024-04-25,,FPｼｮｰﾄLT2(15K),,,,,,,,,,,〇,,,,,×,,2024-04-24,×,"6,000",0.0,"8,000",96.0,,,,,,
,,25710722000,15.0,12700,2024-05-10,,FPｼｮｰﾄLT2(15K),,,,,,,,,,,〇,,,,,×,,2024-05-09,×,"6,000",0.0,"8,000",96.0,,,,,,
,,25710722000,15.0,12700,2024-05-20,,FPｼｮｰﾄLT2(15K),,,,,,,,,,,〇,,,,,×,,2024-05-17,×,"6,000",0.0,"8,000",96.0,,,,,,
,,25710722000,15.0,12700,2024-05-27,,FPｼｮｰﾄLT2(15K),,,,,,,,,,,〇,,,,,×,,2024-05-24,×,"6,000",0.0,"8,000",96.0,,,,,,
,,25710722000,15.0,12700,2024-06-08,,FPｼｮｰﾄLT2(15K),,,,,,,,,,,〇,,,,,×,,2024-06-07,×,"6,000",0.0,"8,000",96.0,,,,,,
,,25711121360,15.0,6000,2024-03-11,,ﾓ-ｾﾞﾙBU(36℃),,,,,,,,,,,,,低,,,×,,2024-03-11,×,"6,000",0.0,"8,000",45.0,,,,,,
,,25711121360,15.0,6000,2024-03-25,,ﾓ-ｾﾞﾙBU(36℃),,,,,,,,,,,,,低,,,×,,2024-03-25,×,"6,000",0.0,"8,000",45.0,,,,,,
,,25716121870,15.0,10000,2024-03-30,,ｼﾞｴﾐﾆNTR(H),,,,,,,,,,,,,,,,×,,2024-03-29,○,-,0.0,"7,000",86.0,,,,,,
,,25716121870,15.0,10000,2024-04-24,,ｼﾞｴﾐﾆNTR(H),,,,,,,,,,,,,,,,×,,2024-04-24,○,-,0.0,"7,000",86.0,,,,,,
,,25716121870,15.0,10000,2024-04-24,,ｼﾞｴﾐﾆNTR(H),,,,,,,,,,,,,,,,×,,2024-04-24,○,-,0.0,"7,000",86.0,,,,,,
,,25716121870,15.0,10000,2024-05-08,,ｼﾞｴﾐﾆNTR(H),,,,,,,,,,,,,,,,×,,2024-05-08,○,-,0.0,"7,000",86.0,,,,,,
,,25716121870,15.0,10000,2024-06-11,,ｼﾞｴﾐﾆNTR(H),,,,,,,,,,,,,,,,×,,2024-06-11,○,-,0.0,"7,000",86.0,,,,,,
,,25800421870,15.0,12700,2024-02-21,,MB-ﾌﾟﾚﾐｱﾑｼｮｰﾄ-CF(H),,,,,,,,〇,,,,,,,,×,,2024-02-21,×,"6,000",0.0,"8,000",96.0,,,副原料無添,,,
,,25800421870,15.0,12700,2024-02-27,,MB-ﾌﾟﾚﾐｱﾑｼｮｰﾄ-CF(H),,,,,,,,〇,,,,,,,,×,,2024-02-27,×,"6,000",0.0,"8,000",96.0,,,副原料無添,,,
,,25800421870,15.0,12700,2024-03-11,,MB-ﾌﾟﾚﾐｱﾑｼｮｰﾄ-CF(H),,,,,,,,〇,,,,,,,,×,,2024-03-11,×,"6,000",0.0,"8,000",96.0,,,副原料無添,,,
,,25800421870,15.0,12700,2024-03-18,,MB-ﾌﾟﾚﾐｱﾑｼｮｰﾄ-CF(H),,,,,,,,〇,,,,,,,,×,,2024-03-18,×,"6,000",0.0,"8,000",96.0,,,副原料無添,,,
,,25800421870,15.0,12700,2024-03-21,,MB-ﾌﾟﾚﾐｱﾑｼｮｰﾄ-CF(H),,,,,,,,〇,,,,,,,,×,,2024-03-21,×,"6,000",0.0,"8,000",96.0,,,副原料無添,,,
,,25800421870,15.0,25400,2024-03-30,,MB-ﾌﾟﾚﾐｱﾑｼｮｰﾄ-CF(H),,,,,,,,〇,,,,,,,,×,,2024-03-29,×,"6,000",0.0,"8,000",191.0,,,副原料無添,,,
,,25800421870,15.0,12700,2024-04-03,,MB-ﾌﾟﾚﾐｱﾑｼｮｰﾄ-CF(H),,,,,,,,〇,,,,,,,,×,,2024-04-03,×,"6,000",0.0,"8,000",96.0,,,副原料無添,,,
,,25800421870,15.0,12700,2024-04-04,,MB-ﾌﾟﾚﾐｱﾑｼｮｰﾄ-CF(H),,,,,,,,〇,,,,,,,,×,,2024-04-04,×,"6,000",0.0,"8,000",96.0,,,副原料無添,,,
,,25800421870,15.0,12700,2024-04-08,,MB-ﾌﾟﾚﾐｱﾑｼｮｰﾄ-CF(H),,,,,,,,〇,,,,,,,,×,,2024-04-08,×,"6,000",0.0,"8,000",96.0,,,副原料無添,,,
,,25800421870,15.0,12700,2024-04-13,,MB-ﾌﾟﾚﾐｱﾑｼｮｰﾄ-CF(H),,,,,,,,〇,,,,,,,,×,,2024-04-12,×,"6,000",0.0,"8,000",96.0,,,副原料無添,,,
,,25800421870,15.0,12700,2024-04-17,,MB-ﾌﾟﾚﾐｱﾑｼｮｰﾄ-CF(H),,,,,,,,〇,,,,,,,,×,,2024-04-17,×,"6,000",0.0,"8,000",96.0,,,副原料無添,,,
,,25800421870,15.0,25400,2024-04-20,,MB-ﾌﾟﾚﾐｱﾑｼｮｰﾄ-CF(H),,,,,,,,〇,,,,,,,,×,,2024-04-19,×,"6,000",0.0,"8,000",191.0,,,副原料無添,,,
,,25800421870,15.0,12700,2024-04-22,,MB-ﾌﾟﾚﾐｱﾑｼｮｰﾄ-CF(H),,,,,,,,〇,,,,,,,,×,,2024-04-22,×,"6,000",0.0,"8,000",96.0,,,副原料無添,,,
,,25800421870,15.0,12700,2024-04-05,,MB-ﾌﾟﾚﾐｱﾑｼｮｰﾄ-CF(H),,,,,,,,〇,,,,,,,,×,,2024-04-05,×,"6,000",0.0,"8,000",96.0,,,副原料無添,,,
,,25800421870,15.0,25400,2024-04-09,,MB-ﾌﾟﾚﾐｱﾑｼｮｰﾄ-CF(H),,,,,,,,〇,,,,,,,,×,,2024-04-09,×,"6,000",0.0,"8,000",191.0,,,副原料無添,,,
,,25800421870,15.0,12700,2024-04-25,,MB-ﾌﾟﾚﾐｱﾑｼｮｰﾄ-CF(H),,,,,,,,〇,,,,,,,,×,,2024-04-25,×,"6,000",0.0,"8,000",96.0,,,副原料無添,,,
,,25800421870,15.0,12700,2024-04-30,,MB-ﾌﾟﾚﾐｱﾑｼｮｰﾄ-CF(H),,,,,,,,〇,,,,,,,,×,,2024-04-30,×,"6,000",0.0,"8,000",96.0,,,副原料無添,,,
,,25800421870,15.0,12700,2024-05-06,,MB-ﾌﾟﾚﾐｱﾑｼｮｰﾄ-CF(H),,,,,,,,〇,,,,,,,,×,,2024-05-06,×,"6,000",0.0,"8,000",96.0,,,副原料無添,,,
,,25800421870,15.0,12700,2024-05-07,,MB-ﾌﾟﾚﾐｱﾑｼｮｰﾄ-CF(H),,,,,,,,〇,,,,,,,,×,,2024-05-07,×,"6,000",0.0,"8,000",96.0,,,副原料無添,,,
,,25800421870,15.0,12700,2024-05-11,,MB-ﾌﾟﾚﾐｱﾑｼｮｰﾄ-CF(H),,,,,,,,〇,,,,,,,,×,,2024-05-10,×,"6,000",0.0,"8,000",96.0,,,副原料無添,,,
,,25800421870,15.0,12700,2024-05-14,,MB-ﾌﾟﾚﾐｱﾑｼｮｰﾄ-CF(H),,,,,,,,〇,,,,,,,,×,,2024-05-14,×,"6,000",0.0,"8,000",96.0,,,副原料無添,,,
,,25800421870,15.0,12700,2024-05-15,,MB-ﾌﾟﾚﾐｱﾑｼｮｰﾄ-CF(H),,,,,,,,〇,,,,,,,,×,,2024-05-15,×,"6,000",0.0,"8,000",96.0,,,副原料無添,,,
,,25800421870,15.0,12700,2024-05-20,,MB-ﾌﾟﾚﾐｱﾑｼｮｰﾄ-CF(H),,,,,,,,〇,,,,,,,,×,,2024-05-20,×,"6,000",0.0,"8,000",96.0,,,副原料無添,,,
,,25800421870,15.0,38100,2024-05-27,,MB-ﾌﾟﾚﾐｱﾑｼｮｰﾄ-CF(H),,,,,,,,〇,,,,,,,,×,,2024-05-27,×,"6,000",0.0,"8,000",286.0,,,副原料無添,,,
,,25800421870,15.0,12700,2024-06-06,,MB-ﾌﾟﾚﾐｱﾑｼｮｰﾄ-CF(H),,,,,,,,〇,,,,,,,,×,,2024-06-06,×,"6,000",0.0,"8,000",96.0,,,副原料無添,,,
,,25800421870,15.0,12700,2024-06-11,,MB-ﾌﾟﾚﾐｱﾑｼｮｰﾄ-CF(H),,,,,,,,〇,,,,,,,,×,,2024-06-11,×,"6,000",0.0,"8,000",96.0,,,副原料無添,,,
,,26611121000,15.0,12700,2024-02-29,,ｸﾗｳﾝﾗ-ﾄﾞ#100K(ﾀﾞﾝ),,,,,,,,,,,,,,,,×,,2024-02-29,×,"6,300",0.0,"8,000",96.0,,,,,,
,,26611121000,15.0,12700,2024-04-08,,ｸﾗｳﾝﾗ-ﾄﾞ#100K(ﾀﾞﾝ),,,,,,,,,,,,,,,,×,,2024-04-08,×,"6,300",0.0,"8,000",96.0,,,,,,
,,26611121000,15.0,12700,2024-04-13,,ｸﾗｳﾝﾗ-ﾄﾞ#100K(ﾀﾞﾝ),,,,,,,,,,,,,,,,×,,2024-04-12,×,"6,300",0.0,"8,000",96.0,,,,,,
,,26611121000,15.0,12700,2024-05-09,,ｸﾗｳﾝﾗ-ﾄﾞ#100K(ﾀﾞﾝ),,,,,,,,,,,,,,,,×,,2024-05-09,×,"6,300",0.0,"8,000",96.0,,,,,,
,,26611121000,15.0,12700,2024-05-22,,ｸﾗｳﾝﾗ-ﾄﾞ#100K(ﾀﾞﾝ),,,,,,,,,,,,,,,,×,,2024-05-22,×,"6,300",0.0,"8,000",96.0,,,,,,
,,26632521020,15.0,6000,2024-02-29,,ｸﾗｳﾝ ﾗ-ﾄﾞ#300(ﾀﾞﾝ),,,,,,,,,,,,,,,,×,,2024-02-29,×,"6,000",0.0,"8,000",45.0,,,,,,
,,26632521020,15.0,6000,2024-03-21,,ｸﾗｳﾝ ﾗ-ﾄﾞ#300(ﾀﾞﾝ),,,,,,,,,,,,,,,,×,,2024-03-21,×,"6,000",0.0,"8,000",45.0,,,,,,
,,26632521020,15.0,6000,2024-04-25,,ｸﾗｳﾝ ﾗ-ﾄﾞ#300(ﾀﾞﾝ),,,,,,,,,,,,,,,,×,,2024-04-25,×,"6,000",0.0,"8,000",45.0,,,,,,
,,25244822000,15.0,12700,2024-03-30,,ﾊｲﾒﾛ-ｼｮｰﾄLT-2(DIR),,,,,,,,,,,〇,,,,,×,,2024-03-29,×,"5,500",0.0,"8,000",96.0,,,,,,
,,25244822000,15.0,12700,2024-04-15,,ﾊｲﾒﾛ-ｼｮｰﾄLT-2(DIR),,,,,,,,,,,〇,,,,,×,,2024-04-12,×,"5,500",0.0,"8,000",96.0,,,,,,
,,25244822000,15.0,12700,2024-05-11,,ﾊｲﾒﾛ-ｼｮｰﾄLT-2(DIR),,,,,,,,,,,〇,,,,,×,,2024-05-10,×,"5,500",0.0,"8,000",96.0,,,,,,
,,25244822000,15.0,12700,2024-05-27,,ﾊｲﾒﾛ-ｼｮｰﾄLT-2(DIR),,,,,,,,,,,〇,,,,,×,,2024-05-24,×,"5,500",0.0,"8,000",96.0,,,,,,
,,25326521000,15.0,12700,2024-02-29,,ﾊﾟﾈﾘ-PV(F),,,,,,,,,,,,,,,,×,,2024-02-29,×,"5,000",0.0,"8,000",96.0,,,,,,
,,25326521000,15.0,12700,2024-03-11,,ﾊﾟﾈﾘ-PV(F),,,,,,,,,,,,,,,,×,,2024-03-11,×,"5,000",0.0,"8,000",96.0,,,,,,
,,25326521000,15.0,12700,2024-03-19,,ﾊﾟﾈﾘ-PV(F),,,,,,,,,,,,,,,,×,,2024-03-19,×,"5,000",0.0,"8,000",96.0,,,,,,
,,25326521000,15.0,12700,2024-03-25,,ﾊﾟﾈﾘ-PV(F),,,,,,,,,,,,,,,,×,,2024-03-25,×,"5,000",0.0,"8,000",96.0,,,,,,
,,25326521000,15.0,25400,2024-03-30,,ﾊﾟﾈﾘ-PV(F),,,,,,,,,,,,,,,,×,,2024-03-29,×,"5,000",0.0,"8,000",191.0,,,,,,
,,25326521000,15.0,12700,2024-04-06,,ﾊﾟﾈﾘ-PV(F),,,,,,,,,,,,,,,,×,,2024-04-05,×,"5,000",0.0,"8,000",96.0,,,,,,
,,25326521000,15.0,12700,2024-04-08,,ﾊﾟﾈﾘ-PV(F),,,,,,,,,,,,,,,,×,,2024-04-08,×,"5,000",0.0,"8,000",96.0,,,,,,
,,25326521000,15.0,12700,2024-04-08,,ﾊﾟﾈﾘ-PV(F),,,,,,,,,,,,,,,,×,,2024-04-08,×,"5,000",0.0,"8,000",96.0,,,,,,
,,25326521000,15.0,12700,2024-04-10,,ﾊﾟﾈﾘ-PV(F),,,,,,,,,,,,,,,,×,,2024-04-10,×,"5,000",0.0,"8,000",96.0,,,,,,
,,25326521000,15.0,12700,2024-04-15,,ﾊﾟﾈﾘ-PV(F),,,,,,,,,,,,,,,,×,,2024-04-15,×,"5,000",0.0,"8,000",96.0,,,,,,
,,25326521000,15.0,12700,2024-04-20,,ﾊﾟﾈﾘ-PV(F),,,,,,,,,,,,,,,,×,,2024-04-19,×,"5,000",0.0,"8,000",96.0,,,,,,
,,25326521000,15.0,12700,2024-04-22,,ﾊﾟﾈﾘ-PV(F),,,,,,,,,,,,,,,,×,,2024-04-22,×,"5,000",0.0,"8,000",96.0,,,,,,
,,25326521000,15.0,12700,2024-03-30,,ﾊﾟﾈﾘ-PV(F),,,,,,,,,,,,,,,,×,,2024-03-29,×,"5,000",0.0,"8,000",96.0,,,,,,
,,25326521000,15.0,12700,2024-04-30,,ﾊﾟﾈﾘ-PV(F),,,,,,,,,,,,,,,,×,,2024-04-30,×,"5,000",0.0,"8,000",96.0,,,,,,
,,25326521000,15.0,12700,2024-05-04,,ﾊﾟﾈﾘ-PV(F),,,,,,,,,,,,,,,,×,,2024-05-03,×,"5,000",0.0,"8,000",96.0,,,,,,
,,25326521000,15.0,12700,2024-05-11,,ﾊﾟﾈﾘ-PV(F),,,,,,,,,,,,,,,,×,,2024-05-10,×,"5,000",0.0,"8,000",96.0,,,,,,
,,25326521000,15.0,12700,2024-05-13,,ﾊﾟﾈﾘ-PV(F),,,,,,,,,,,,,,,,×,,2024-05-13,×,"5,000",0.0,"8,000",96.0,,,,,,
,,25326521000,15.0,12700,2024-05-16,,ﾊﾟﾈﾘ-PV(F),,,,,,,,,,,,,,,,×,,2024-05-16,×,"5,000",0.0,"8,000",96.0,,,,,,
,,25326521000,15.0,12700,2024-05-21,,ﾊﾟﾈﾘ-PV(F),,,,,,,,,,,,,,,,×,,2024-05-21,×,"5,000",0.0,"8,000",96.0,,,,,,
,,25326521000,15.0,38100,2024-05-27,,ﾊﾟﾈﾘ-PV(F),,,,,,,,,,,,,,,,×,,2024-05-27,×,"5,000",0.0,"8,000",286.0,,,,,,
,,25326521000,15.0,12700,2024-06-08,,ﾊﾟﾈﾘ-PV(F),,,,,,,,,,,,,,,,×,,2024-06-07,×,"5,000",0.0,"8,000",96.0,,,,,,
,,25326521000,15.0,12700,2024-06-10,,ﾊﾟﾈﾘ-PV(F),,,,,,,,,,,,,,,,×,,2024-06-10,×,"5,000",0.0,"8,000",96.0,,,,,,
,,25326721000,15.0,24000,2024-03-11,,MCｼｮｰﾄ(F),,,,,,,,〇,,,,,,,,×,,2024-03-11,×,"5,800",0.0,"8,000",180.0,,,次ﾊﾞｯﾁｲﾄｳIK-NTを必ず組むこと｡,,,
,,25326721000,15.0,24000,2024-03-18,,MCｼｮｰﾄ(F),,,,,,,,〇,,,,,,,,×,,2024-03-18,×,"5,800",0.0,"8,000",180.0,,,次ﾊﾞｯﾁｲﾄｳIK-NTを必ず組むこと｡,,,
,,25326721000,15.0,24000,2024-03-30,,MCｼｮｰﾄ(F),,,,,,,,〇,,,,,,,,×,,2024-03-29,×,"5,800",0.0,"8,000",180.0,,,次ﾊﾞｯﾁｲﾄｳIK-NTを必ず組むこと｡,,,
,,25326721000,15.0,24000,2024-04-18,,MCｼｮｰﾄ(F),,,,,,,,〇,,,,,,,,×,,2024-04-18,×,"5,800",0.0,"8,000",180.0,,,次ﾊﾞｯﾁｲﾄｳIK-NTを必ず組むこと｡,,,
,,25326721000,15.0,24000,2024-04-30,,MCｼｮｰﾄ(F),,,,,,,,〇,,,,,,,,×,,2024-04-30,×,"5,800",0.0,"8,000",180.0,,,次ﾊﾞｯﾁｲﾄｳIK-NTを必ず組むこと｡,,,
,,25326721000,15.0,24000,2024-05-13,,MCｼｮｰﾄ(F),,,,,,,,〇,,,,,,,,×,,2024-05-13,×,"5,800",0.0,"8,000",180.0,,,次ﾊﾞｯﾁｲﾄｳIK-NTを必ず組むこと｡,,,
,,25326721000,15.0,24000,2024-05-22,,MCｼｮｰﾄ(F),,,,,,,,〇,,,,,,,,×,,2024-05-22,×,"5,800",0.0,"8,000",180.0,,,次ﾊﾞｯﾁｲﾄｳIK-NTを必ず組むこと｡,,,
,,25326721000,15.0,24000,2024-06-12,,MCｼｮｰﾄ(F),,,,,,,,〇,,,,,,,,×,,2024-06-12,×,"5,800",0.0,"8,000",180.0,,,次ﾊﾞｯﾁｲﾄｳIK-NTを必ず組むこと｡,,,
,,25329221830,15.0,12700,2024-02-19,,YKｼｮｰﾄﾆﾝｸﾞ(S),,,,,,,,〇,,,,,,,,×,,2024-02-19,×,"6,000",0.0,"8,000",96.0,,,初回限定,,,
,,25329221830,15.0,12700,2024-03-30,,YKｼｮｰﾄﾆﾝｸﾞ(S),,,,,,,,〇,,,,,,,,×,,2024-03-29,×,"6,000",0.0,"8,000",96.0,,,初回限定,,,
,,25329221830,15.0,12700,2024-04-11,,YKｼｮｰﾄﾆﾝｸﾞ(S),,,,,,,,〇,,,,,,,,×,,2024-04-11,×,"6,000",0.0,"8,000",96.0,,,初回限定,,,
,,25329221830,15.0,12700,2024-05-06,,YKｼｮｰﾄﾆﾝｸﾞ(S),,,,,,,,〇,,,,,,,,×,,2024-05-06,×,"6,000",0.0,"8,000",96.0,,,初回限定,,,
,,25329221830,15.0,12700,2024-05-27,,YKｼｮｰﾄﾆﾝｸﾞ(S),,,,,,,,〇,,,,,,,,×,,2024-05-27,×,"6,000",0.0,"8,000",96.0,,,初回限定,,,
,,25566421000,15.0,12700,2024-02-19,,FCｼｮｰﾄﾆﾝｸﾞ,,,,,,,,,,,,,,,,×,,2024-02-19,×,"5,000",0.0,"8,000",96.0,,,,,,
,,25566421000,15.0,12700,2024-02-26,,FCｼｮｰﾄﾆﾝｸﾞ,,,,,,,,,,,,,,,,×,,2024-02-26,×,"5,000",0.0,"8,000",96.0,,,,,,
,,25566421000,15.0,12700,2024-02-15,,FCｼｮｰﾄﾆﾝｸﾞ,,,,,,,,,,,,,,,,×,,2024-02-15,×,"5,000",0.0,"8,000",96.0,,,,,,
,,25566421000,15.0,12700,2024-03-19,,FCｼｮｰﾄﾆﾝｸﾞ,,,,,,,,,,,,,,,,×,,2024-03-19,×,"5,000",0.0,"8,000",96.0,,,,,,
,,25566421000,15.0,12700,2024-03-30,,FCｼｮｰﾄﾆﾝｸﾞ,,,,,,,,,,,,,,,,×,,2024-03-29,×,"5,000",0.0,"8,000",96.0,,,,,,
,,25566421000,15.0,12700,2024-04-06,,FCｼｮｰﾄﾆﾝｸﾞ,,,,,,,,,,,,,,,,×,,2024-04-05,×,"5,000",0.0,"8,000",96.0,,,,,,
,,25566421000,15.0,12700,2024-04-11,,FCｼｮｰﾄﾆﾝｸﾞ,,,,,,,,,,,,,,,,×,,2024-04-11,×,"5,000",0.0,"8,000",96.0,,,,,,
,,25566421000,15.0,12700,2024-04-20,,FCｼｮｰﾄﾆﾝｸﾞ,,,,,,,,,,,,,,,,×,,2024-04-19,×,"5,000",0.0,"8,000",96.0,,,,,,
,,25566421000,15.0,12700,2024-04-05,,FCｼｮｰﾄﾆﾝｸﾞ,,,,,,,,,,,,,,,,×,,2024-04-05,×,"5,000",0.0,"8,000",96.0,,,,,,
,,25566421000,15.0,12700,2024-04-30,,FCｼｮｰﾄﾆﾝｸﾞ,,,,,,,,,,,,,,,,×,,2024-04-30,×,"5,000",0.0,"8,000",96.0,,,,,,
,,25566421000,15.0,12700,2024-05-11,,FCｼｮｰﾄﾆﾝｸﾞ,,,,,,,,,,,,,,,,×,,2024-05-10,×,"5,000",0.0,"8,000",96.0,,,,,,
,,25566421000,15.0,12700,2024-05-13,,FCｼｮｰﾄﾆﾝｸﾞ,,,,,,,,,,,,,,,,×,,2024-05-13,×,"5,000",0.0,"8,000",96.0,,,,,,
,,25566421000,15.0,12700,2024-05-27,,FCｼｮｰﾄﾆﾝｸﾞ,,,,,,,,,,,,,,,,×,,2024-05-27,×,"5,000",0.0,"8,000",96.0,,,,,,
,,25566421000,15.0,12700,2024-06-06,,FCｼｮｰﾄﾆﾝｸﾞ,,,,,,,,,,,,,,,,×,,2024-06-06,×,"5,000",0.0,"8,000",96.0,,,,,,
,,25804921000,15.0,25400,2024-03-11,,MB-ｻﾝﾄﾞｼｮｰﾄDX-TL(M),,,,,,,,,,,〇,,,,,×,,2024-03-08,×,"6,000",0.0,"8,000",191.0,,,,,,
,,25804921000,15.0,38100,2024-03-30,,MB-ｻﾝﾄﾞｼｮｰﾄDX-TL(M),,,,,,,,,,,〇,,,,,×,,2024-03-29,×,"6,000",0.0,"8,000",286.0,,,,,,
,,25804921000,15.0,38100,2024-04-08,,MB-ｻﾝﾄﾞｼｮｰﾄDX-TL(M),,,,,,,,,,,〇,,,,,×,,2024-04-05,×,"6,000",0.0,"8,000",286.0,,,,,,
,,25804921000,15.0,12700,2024-04-13,,MB-ｻﾝﾄﾞｼｮｰﾄDX-TL(M),,,,,,,,,,,〇,,,,,×,,2024-04-12,×,"6,000",0.0,"8,000",96.0,,,,,,
,,25804921000,15.0,12700,2024-04-17,,MB-ｻﾝﾄﾞｼｮｰﾄDX-TL(M),,,,,,,,,,,〇,,,,,×,,2024-04-16,×,"6,000",0.0,"8,000",96.0,,,,,,
,,25804921000,15.0,25400,2024-04-22,,MB-ｻﾝﾄﾞｼｮｰﾄDX-TL(M),,,,,,,,,,,〇,,,,,×,,2024-04-19,×,"6,000",0.0,"8,000",191.0,,,,,,
,,25804921000,15.0,12700,2024-04-05,,MB-ｻﾝﾄﾞｼｮｰﾄDX-TL(M),,,,,,,,,,,〇,,,,,×,,2024-04-04,×,"6,000",0.0,"8,000",96.0,,,,,,
,,25223311000,16.0,6100,2024-02-29,,ｱﾒﾘｶ-ﾅDX-TL,,,,,,,,,,,,,,,,×,,2024-02-29,×,"5,800",64.0,"5,400",0.0,,,,,,
,,25223311000,16.0,6100,2024-03-25,,ｱﾒﾘｶ-ﾅDX-TL,,,,,,,,,,,,,,,,×,,2024-03-25,×,"5,800",64.0,"5,400",0.0,,,,,,
,,25223311000,16.0,6100,2024-04-18,,ｱﾒﾘｶ-ﾅDX-TL,,,,,,,,,,,,,,,,×,,2024-04-18,×,"5,800",64.0,"5,400",0.0,,,,,,
,,25223311000,16.0,6100,2024-05-07,,ｱﾒﾘｶ-ﾅDX-TL,,,,,,,,,,,,,,,,×,,2024-05-07,×,"5,800",64.0,"5,400",0.0,,,,,,
,,25223311000,16.0,6100,2024-05-27,,ｱﾒﾘｶ-ﾅDX-TL,,,,,,,,,,,,,,,,×,,2024-05-27,×,"5,800",64.0,"5,400",0.0,,,,,,
,,25223311000,16.0,6100,2024-06-17,,ｱﾒﾘｶ-ﾅDX-TL,,,,,,,,,,,,,,,,×,,2024-06-17,×,"5,800",64.0,"5,400",0.0,,,,,,
,,25272711000,15.0,12200,2024-03-22,,ﾌﾗｲｵｲﾙ-MK,,,,,,,,,,,,,,,,×,,2024-03-22,×,"5,400",136.0,"7,500",0.0,,,,,,
,,25272711000,15.0,18300,2024-04-11,,ﾌﾗｲｵｲﾙ-MK,,,,,,,,,,,,,,,,×,,2024-04-11,×,"5,400",204.0,"7,500",0.0,,,,,,
,,25272711000,15.0,18300,2024-04-25,,ﾌﾗｲｵｲﾙ-MK,,,,,,,,,,,,,,,,×,,2024-04-25,×,"5,400",204.0,"7,500",0.0,,,,,,
,,25272711000,15.0,18300,2024-05-16,,ﾌﾗｲｵｲﾙ-MK,,,,,,,,,,,,,,,,×,,2024-05-16,×,"5,400",204.0,"7,500",0.0,,,,,,
,,25272711000,15.0,12200,2024-05-27,,ﾌﾗｲｵｲﾙ-MK,,,,,,,,,,,,,,,,×,,2024-05-27,×,"5,400",136.0,"7,500",0.0,,,,,,
,,25272711000,15.0,12200,2024-06-10,,ﾌﾗｲｵｲﾙ-MK,,,,,,,,,,,,,,,,×,,2024-06-10,×,"5,400",136.0,"7,500",0.0,,,,,,
,,25272711000,15.0,12200,2024-06-17,,ﾌﾗｲｵｲﾙ-MK,,,,,,,,,,,,,,,,×,,2024-06-17,×,"5,400",136.0,"7,500",0.0,,,,,,
,,25305711030,15.0,6100,2024-02-29,,ﾎﾞﾂｸｽｵｲﾙSP,,,,,,,,,,,,,高,,,×,,2024-02-29,×,"4,200",88.0,"7,500",0.0,,,,,,
,,25305711030,15.0,6100,2024-03-18,,ﾎﾞﾂｸｽｵｲﾙSP,,,,,,,,,,,,,高,,,×,,2024-03-18,×,"4,200",88.0,"7,500",0.0,,,,,,
,,25305711030,15.0,6100,2024-04-15,,ﾎﾞﾂｸｽｵｲﾙSP,,,,,,,,,,,,,高,,,×,,2024-04-15,×,"4,200",88.0,"7,500",0.0,,,,,,
,,25305711030,15.0,6100,2024-06-13,,ﾎﾞﾂｸｽｵｲﾙSP,,,,,,,,,,,,,高,,,×,,2024-06-13,×,"4,200",88.0,"7,500",0.0,,,,,,
,,25306211000,13.0,6100,2024-04-08,,EZﾌﾗｲｵｲﾙ,,,,,,,,,,,,,,,,×,,2024-04-08,×,"6,000",61.0,"6,000",0.0,,,,,,
,,25306211000,13.0,6100,2024-05-20,,EZﾌﾗｲｵｲﾙ,,,,,,,,,,,,,,,,×,,2024-05-20,×,"6,000",61.0,"6,000",0.0,,,,,,
,,25306211000,13.0,6100,2024-05-14,,EZﾌﾗｲｵｲﾙ,,,,,,,,,,,,,,,,×,,2024-05-14,×,"6,000",61.0,"6,000",0.0,,,,,,
,,25306211000,13.0,6100,2024-06-17,,EZﾌﾗｲｵｲﾙ,,,,,,,,,,,,,,,,×,,2024-06-17,×,"6,000",61.0,"6,000",0.0,,,,,,
,,25320311000,15.0,12200,2024-02-29,,ｱﾒﾘｶ-ﾅ-SP,,,,,,,,,,,,,,,,×,,2024-02-29,×,"5,600",131.0,"7,000",0.0,,,,,,
,,25320311000,15.0,12200,2024-03-21,,ｱﾒﾘｶ-ﾅ-SP,,,,,,,,,,,,,,,,×,,2024-03-21,×,"5,600",131.0,"7,000",0.0,,,,,,
,,25320311000,15.0,12200,2024-04-04,,ｱﾒﾘｶ-ﾅ-SP,,,,,,,,,,,,,,,,×,,2024-04-04,×,"5,600",131.0,"7,000",0.0,,,,,,
,,25320311000,15.0,12200,2024-04-11,,ｱﾒﾘｶ-ﾅ-SP,,,,,,,,,,,,,,,,×,,2024-04-11,×,"5,600",131.0,"7,000",0.0,,,,,,
,,25320311000,15.0,12200,2024-04-18,,ｱﾒﾘｶ-ﾅ-SP,,,,,,,,,,,,,,,,×,,2024-04-18,×,"5,600",131.0,"7,000",0.0,,,,,,
,,25320311000,15.0,12200,2024-04-26,,ｱﾒﾘｶ-ﾅ-SP,,,,,,,,,,,,,,,,×,,2024-04-26,×,"5,600",131.0,"7,000",0.0,,,,,,
,,25320311000,15.0,12200,2024-05-09,,ｱﾒﾘｶ-ﾅ-SP,,,,,,,,,,,,,,,,×,,2024-05-09,×,"5,600",131.0,"7,000",0.0,,,,,,
,,25320311000,15.0,12200,2024-05-15,,ｱﾒﾘｶ-ﾅ-SP,,,,,,,,,,,,,,,,×,,2024-05-15,×,"5,600",131.0,"7,000",0.0,,,,,,
,,25320311000,15.0,12200,2024-05-27,,ｱﾒﾘｶ-ﾅ-SP,,,,,,,,,,,,,,,,×,,2024-05-27,×,"5,600",131.0,"7,000",0.0,,,,,,
,,25320311000,15.0,6100,2024-06-06,,ｱﾒﾘｶ-ﾅ-SP,,,,,,,,,,,,,,,,×,,2024-06-06,×,"5,600",66.0,"7,000",0.0,,,,,,
,,25320311000,15.0,6100,2024-06-13,,ｱﾒﾘｶ-ﾅ-SP,,,,,,,,,,,,,,,,×,,2024-06-13,×,"5,600",66.0,"7,000",0.0,,,,,,
,,25320311000,15.0,6100,2024-06-10,,ｱﾒﾘｶ-ﾅ-SP,,,,,,,,,,,,,,,,×,,2024-06-10,×,"5,600",66.0,"7,000",0.0,,,,,,
,,25555511000,16.0,6100,2024-04-03,,SBｵｲﾙZ,,,,,,,,,,,,,,,,×,,2024-04-03,×,"6,300",59.0,"8,000",0.0,,,,,,
,,25555511000,16.0,6100,2024-04-22,,SBｵｲﾙZ,,,,,,,,,,,,,,,,×,,2024-04-22,×,"6,300",59.0,"8,000",0.0,,,,,,
,,25555511000,16.0,6100,2024-05-13,,SBｵｲﾙZ,,,,,,,,,,,,,,,,×,,2024-05-13,×,"6,300",59.0,"8,000",0.0,,,,,,
,,25555511000,16.0,6100,2024-05-27,,SBｵｲﾙZ,,,,,,,,,,,,,,,,×,,2024-05-27,×,"6,300",59.0,"8,000",0.0,,,,,,
,,25555511000,16.0,6100,2024-06-17,,SBｵｲﾙZ,,,,,,,,,,,,,,,,×,,2024-06-17,×,"6,300",59.0,"8,000",0.0,,,,,,
,,25747111000,16.0,12200,2024-03-30,,SBｵｲﾙR,,,,,,,,,,,,,,,,×,,2024-03-29,×,"6,300",117.0,"7,500",0.0,,,,,,
,,25747111000,16.0,12200,2024-03-30,,SBｵｲﾙR,,,,,,,,,,,,,,,,×,,2024-03-29,×,"6,300",117.0,"7,500",0.0,,,,,,
,,25747111000,16.0,12200,2024-04-06,,SBｵｲﾙR,,,,,,,,,,,,,,,,×,,2024-04-05,×,"6,300",117.0,"7,500",0.0,,,,,,
,,25747111000,16.0,12200,2024-04-10,,SBｵｲﾙR,,,,,,,,,,,,,,,,×,,2024-04-10,×,"6,300",117.0,"7,500",0.0,,,,,,
,,25747111000,16.0,12200,2024-04-17,,SBｵｲﾙR,,,,,,,,,,,,,,,,×,,2024-04-17,×,"6,300",117.0,"7,500",0.0,,,,,,
,,25747111000,16.0,18300,2024-05-07,,SBｵｲﾙR,,,,,,,,,,,,,,,,×,,2024-05-07,×,"6,300",175.0,"7,500",0.0,,,,,,
,,25747111000,16.0,12200,2024-05-13,,SBｵｲﾙR,,,,,,,,,,,,,,,,×,,2024-05-13,×,"6,300",117.0,"7,500",0.0,,,,,,
,,25747111000,16.0,12200,2024-04-26,,SBｵｲﾙR,,,,,,,,,,,,,,,,×,,2024-04-26,×,"6,300",117.0,"7,500",0.0,,,,,,
,,25747111000,16.0,12200,2024-05-13,,SBｵｲﾙR,,,,,,,,,,,,,,,,×,,2024-05-13,×,"6,300",117.0,"7,500",0.0,,,,,,
,,25747111000,16.0,12200,2024-05-16,,SBｵｲﾙR,,,,,,,,,,,,,,,,×,,2024-05-16,×,"6,300",117.0,"7,500",0.0,,,,,,
,,25747111000,16.0,12200,2024-05-20,,SBｵｲﾙR,,,,,,,,,,,,,,,,×,,2024-05-20,×,"6,300",117.0,"7,500",0.0,,,,,,
,,25747111000,16.0,24400,2024-05-27,,SBｵｲﾙR,,,,,,,,,,,,,,,,×,,2024-05-27,×,"6,300",233.0,"7,500",0.0,,,,,,
,,25747111000,16.0,12200,2024-06-07,,SBｵｲﾙR,,,,,,,,,,,,,,,,×,,2024-06-07,×,"6,300",117.0,"7,500",0.0,,,,,,
,,25747111000,16.0,12200,2024-06-12,,SBｵｲﾙR,,,,,,,,,,,,,,,,×,,2024-06-12,×,"6,300",117.0,"7,500",0.0,,,,,,
,,25747111000,16.0,12200,2024-06-17,,SBｵｲﾙR,,,,,,,,,,,,,,,,×,,2024-06-17,×,"6,300",117.0,"7,500",0.0,,,,,,
,,25800311000,16.0,12200,2024-02-17,,MB-ｱﾒﾘｶ-ﾅDX-TL,,,,,,,,,,,,,,,,×,,2024-02-16,×,"5,800",127.0,"7,500",0.0,,,,,,
,,25800311000,16.0,12200,2024-02-24,,MB-ｱﾒﾘｶ-ﾅDX-TL,,,,,,,,,,,,,,,,×,,2024-02-23,×,"5,800",127.0,"7,500",0.0,,,,,,
,,25800311000,16.0,18300,2024-03-21,,MB-ｱﾒﾘｶ-ﾅDX-TL,,,,,,,,,,,,,,,,×,,2024-03-21,×,"5,800",190.0,"7,500",0.0,,,,,,
,,25800311000,16.0,12200,2024-03-30,,MB-ｱﾒﾘｶ-ﾅDX-TL,,,,,,,,,,,,,,,,×,,2024-03-29,×,"5,800",127.0,"7,500",0.0,,,,,,
,,25800311000,16.0,12200,2024-04-04,,MB-ｱﾒﾘｶ-ﾅDX-TL,,,,,,,,,,,,,,,,×,,2024-04-04,×,"5,800",127.0,"7,500",0.0,,,,,,
,,25800311000,16.0,12200,2024-04-11,,MB-ｱﾒﾘｶ-ﾅDX-TL,,,,,,,,,,,,,,,,×,,2024-04-11,×,"5,800",127.0,"7,500",0.0,,,,,,
,,25800311000,16.0,12200,2024-04-18,,MB-ｱﾒﾘｶ-ﾅDX-TL,,,,,,,,,,,,,,,,×,,2024-04-18,×,"5,800",127.0,"7,500",0.0,,,,,,
,,25800311000,16.0,18300,2024-04-30,,MB-ｱﾒﾘｶ-ﾅDX-TL,,,,,,,,,,,,,,,,×,,2024-04-30,×,"5,800",190.0,"7,500",0.0,,,,,,
,,25800311000,16.0,12200,2024-05-13,,MB-ｱﾒﾘｶ-ﾅDX-TL,,,,,,,,,,,,,,,,×,,2024-05-13,×,"5,800",127.0,"7,500",0.0,,,,,,
,,25800311000,16.0,12200,2024-05-07,,MB-ｱﾒﾘｶ-ﾅDX-TL,,,,,,,,,,,,,,,,×,,2024-05-07,×,"5,800",127.0,"7,500",0.0,,,,,,
,,25800311000,16.0,12200,2024-05-20,,MB-ｱﾒﾘｶ-ﾅDX-TL,,,,,,,,,,,,,,,,×,,2024-05-20,×,"5,800",127.0,"7,500",0.0,,,,,,
,,25800311000,16.0,12200,2024-05-27,,MB-ｱﾒﾘｶ-ﾅDX-TL,,,,,,,,,,,,,,,,×,,2024-05-27,×,"5,800",127.0,"7,500",0.0,,,,,,
,,25800311000,16.0,12200,2024-06-07,,MB-ｱﾒﾘｶ-ﾅDX-TL,,,,,,,,,,,,,,,,×,,2024-06-07,×,"5,800",127.0,"7,500",0.0,,,,,,
,,25800311000,16.0,12200,2024-06-14,,MB-ｱﾒﾘｶ-ﾅDX-TL,,,,,,,,,,,,,,,,×,,2024-06-14,×,"5,800",127.0,"7,500",0.0,,,,,,
,,25800311000,16.0,6100,2024-05-27,,MB-ｱﾒﾘｶ-ﾅDX-TL,,,,,,,,,,,,,,,,×,,2024-05-27,×,"5,800",64.0,"7,500",0.0,,,,,,
,,26611111000,15.0,12200,2024-02-26,,ｸﾗｳﾝﾗ-ﾄﾞ #100K,,,,,,,,,,,,,,,,×,,2024-02-26,×,"6,100",120.0,"8,000",0.0,,,,,,
,,26611111000,15.0,18300,2024-03-25,,ｸﾗｳﾝﾗ-ﾄﾞ #100K,,,,,,,,,,,,,,,,×,,2024-03-25,×,"6,100",180.0,"8,000",0.0,,,,,,
,,26611111000,15.0,12200,2024-04-06,,ｸﾗｳﾝﾗ-ﾄﾞ #100K,,,,,,,,,,,,,,,,×,,2024-04-05,×,"6,100",120.0,"8,000",0.0,,,,,,
,,26611111000,15.0,12200,2024-04-17,,ｸﾗｳﾝﾗ-ﾄﾞ #100K,,,,,,,,,,,,,,,,×,,2024-04-17,×,"6,100",120.0,"8,000",0.0,,,,,,
,,26611111000,15.0,12200,2024-04-20,,ｸﾗｳﾝﾗ-ﾄﾞ #100K,,,,,,,,,,,,,,,,×,,2024-04-19,×,"6,100",120.0,"8,000",0.0,,,,,,
,,26611111000,15.0,12200,2024-04-30,,ｸﾗｳﾝﾗ-ﾄﾞ #100K,,,,,,,,,,,,,,,,×,,2024-04-30,×,"6,100",120.0,"8,000",0.0,,,,,,
,,26611111000,15.0,12200,2024-05-09,,ｸﾗｳﾝﾗ-ﾄﾞ #100K,,,,,,,,,,,,,,,,×,,2024-05-09,×,"6,100",120.0,"8,000",0.0,,,,,,
,,26611111000,15.0,12200,2024-04-30,,ｸﾗｳﾝﾗ-ﾄﾞ #100K,,,,,,,,,,,,,,,,×,,2024-04-30,×,"6,100",120.0,"8,000",0.0,,,,,,
,,26611111000,15.0,12200,2024-05-15,,ｸﾗｳﾝﾗ-ﾄﾞ #100K,,,,,,,,,,,,,,,,×,,2024-05-15,×,"6,100",120.0,"8,000",0.0,,,,,,
,,26611111000,15.0,12200,2024-05-20,,ｸﾗｳﾝﾗ-ﾄﾞ #100K,,,,,,,,,,,,,,,,×,,2024-05-20,×,"6,100",120.0,"8,000",0.0,,,,,,
,,26611111000,15.0,12200,2024-05-27,,ｸﾗｳﾝﾗ-ﾄﾞ #100K,,,,,,,,,,,,,,,,×,,2024-05-27,×,"6,100",120.0,"8,000",0.0,,,,,,
,,26611111000,15.0,12200,2024-06-08,,ｸﾗｳﾝﾗ-ﾄﾞ #100K,,,,,,,,,,,,,,,,×,,2024-06-07,×,"6,100",120.0,"8,000",0.0,,,,,,
,,26611111000,15.0,12200,2024-06-15,,ｸﾗｳﾝﾗ-ﾄﾞ #100K,,,,,,,,,,,,,,,,×,,2024-06-14,×,"6,100",120.0,"8,000",0.0,,,,,,
,,26611311000,15.0,6100,2024-03-25,,ｺﾞ-ﾙﾄﾞｸﾗｳﾝ DX,,,,,,,,,,,,,,,,×,,2024-03-25,×,"6,000",61.0,"7,500",0.0,,,,,,
,,26611311000,15.0,6100,2024-04-18,,ｺﾞ-ﾙﾄﾞｸﾗｳﾝ DX,,,,,,,,,,,,,,,,×,,2024-04-18,×,"6,000",61.0,"7,500",0.0,,,,,,
,,26611311000,15.0,6100,2024-04-22,,ｺﾞ-ﾙﾄﾞｸﾗｳﾝ DX,,,,,,,,,,,,,,,,×,,2024-04-22,×,"6,000",61.0,"7,500",0.0,,,,,,
,,26611311000,15.0,6100,2024-05-02,,ｺﾞ-ﾙﾄﾞｸﾗｳﾝ DX,,,,,,,,,,,,,,,,×,,2024-05-02,×,"6,000",61.0,"7,500",0.0,,,,,,
,,26611311000,15.0,6100,2024-06-12,,ｺﾞ-ﾙﾄﾞｸﾗｳﾝ DX,,,,,,,,,,,,,,,,×,,2024-06-12,×,"6,000",61.0,"7,500",0.0,,,,,,
,,26611311000,15.0,6100,2024-05-27,,ｺﾞ-ﾙﾄﾞｸﾗｳﾝ DX,,,,,,,,,,,,,,,,×,,2024-05-27,×,"6,000",61.0,"7,500",0.0,,,,,,
,,26631111050,15.0,12200,2024-02-26,,ｸﾗｳﾝﾗ-ﾄﾞ#300 DIR,,,,,,,,,,,,,,,,×,,2024-02-26,×,"6,000",122.0,"7,500",0.0,,,,,,
,,26631111050,15.0,12200,2024-03-21,,ｸﾗｳﾝﾗ-ﾄﾞ#300 DIR,,,,,,,,,,,,,,,,×,,2024-03-21,×,"6,000",122.0,"7,500",0.0,,,,,,
,,26631111050,15.0,12200,2024-03-30,,ｸﾗｳﾝﾗ-ﾄﾞ#300 DIR,,,,,,,,,,,,,,,,×,,2024-03-29,×,"6,000",122.0,"7,500",0.0,,,,,,
,,26631111050,15.0,12200,2024-04-06,,ｸﾗｳﾝﾗ-ﾄﾞ#300 DIR,,,,,,,,,,,,,,,,×,,2024-04-05,×,"6,000",122.0,"7,500",0.0,,,,,,
,,26631111050,15.0,12200,2024-04-15,,ｸﾗｳﾝﾗ-ﾄﾞ#300 DIR,,,,,,,,,,,,,,,,×,,2024-04-15,×,"6,000",122.0,"7,500",0.0,,,,,,
,,26631111050,15.0,12200,2024-04-22,,ｸﾗｳﾝﾗ-ﾄﾞ#300 DIR,,,,,,,,,,,,,,,,×,,2024-04-22,×,"6,000",122.0,"7,500",0.0,,,,,,
,,26631111050,15.0,12200,2024-04-26,,ｸﾗｳﾝﾗ-ﾄﾞ#300 DIR,,,,,,,,,,,,,,,,×,,2024-04-26,×,"6,000",122.0,"7,500",0.0,,,,,,
,,26631211000,15.0,6100,2024-02-29,,ｸﾗｳﾝﾗ-ﾄﾞ#300(A),,,,,,,,,,,,,,,,×,,2024-02-29,×,"6,100",60.0,"7,500",0.0,,,,,,
,,26631211000,15.0,6100,2024-03-21,,ｸﾗｳﾝﾗ-ﾄﾞ#300(A),,,,,,,,,,,,,,,,×,,2024-03-21,×,"6,100",60.0,"7,500",0.0,,,,,,
,,26631211000,15.0,6100,2024-04-06,,ｸﾗｳﾝﾗ-ﾄﾞ#300(A),,,,,,,,,,,,,,,,×,,2024-04-05,×,"6,100",60.0,"7,500",0.0,,,,,,
,,26631211000,15.0,6100,2024-04-17,,ｸﾗｳﾝﾗ-ﾄﾞ#300(A),,,,,,,,,,,,,,,,×,,2024-04-17,×,"6,100",60.0,"7,500",0.0,,,,,,
,,26631211000,15.0,6100,2024-04-10,,ｸﾗｳﾝﾗ-ﾄﾞ#300(A),,,,,,,,,,,,,,,,×,,2024-04-10,×,"6,100",60.0,"7,500",0.0,,,,,,
,,26631211000,15.0,6100,2024-04-12,,ｸﾗｳﾝﾗ-ﾄﾞ#300(A),,,,,,,,,,,,,,,,×,,2024-04-12,×,"6,100",60.0,"7,500",0.0,,,,,,
,,26631211000,15.0,6100,2024-04-20,,ｸﾗｳﾝﾗ-ﾄﾞ#300(A),,,,,,,,,,,,,,,,×,,2024-04-19,×,"6,100",60.0,"7,500",0.0,,,,,,
,,26631211000,15.0,6100,2024-04-26,,ｸﾗｳﾝﾗ-ﾄﾞ#300(A),,,,,,,,,,,,,,,,×,,2024-04-26,×,"6,100",60.0,"7,500",0.0,,,,,,
,,26631211000,15.0,6100,2024-05-08,,ｸﾗｳﾝﾗ-ﾄﾞ#300(A),,,,,,,,,,,,,,,,×,,2024-05-08,×,"6,100",60.0,"7,500",0.0,,,,,,
,,26631211000,15.0,6100,2024-05-20,,ｸﾗｳﾝﾗ-ﾄﾞ#300(A),,,,,,,,,,,,,,,,×,,2024-05-20,×,"6,100",60.0,"7,500",0.0,,,,,,
,,26631211000,15.0,6100,2024-05-27,,ｸﾗｳﾝﾗ-ﾄﾞ#300(A),,,,,,,,,,,,,,,,×,,2024-05-27,×,"6,100",60.0,"7,500",0.0,,,,,,
,,26631211000,15.0,6100,2024-05-27,,ｸﾗｳﾝﾗ-ﾄﾞ#300(A),,,,,,,,,,,,,,,,×,,2024-05-27,×,"6,100",60.0,"7,500",0.0,,,,,,
,,26631211000,15.0,6100,2024-06-12,,ｸﾗｳﾝﾗ-ﾄﾞ#300(A),,,,,,,,,,,,,,,,×,,2024-06-12,×,"6,100",60.0,"7,500",0.0,,,,,,
,,26632913000,15.0,12200,2024-03-30,,ｸﾗｳﾝﾗ-ﾄﾞ(NF),,,,,,,,,,,,,,,,×,,2024-03-29,×,"6,300",117.0,"7,500",0.0,,,,,,
,,26632913000,15.0,6100,2024-04-04,,ｸﾗｳﾝﾗ-ﾄﾞ(NF),,,,,,,,,,,,,,,,×,,2024-04-04,×,"6,300",59.0,"7,500",0.0,,,,,,
,,26632913000,15.0,12200,2024-04-11,,ｸﾗｳﾝﾗ-ﾄﾞ(NF),,,,,,,,,,,,,,,,×,,2024-04-11,×,"6,300",117.0,"7,500",0.0,,,,,,
,,26632913000,15.0,12200,2024-04-30,,ｸﾗｳﾝﾗ-ﾄﾞ(NF),,,,,,,,,,,,,,,,×,,2024-04-30,×,"6,300",117.0,"7,500",0.0,,,,,,
,,26632913000,15.0,18300,2024-05-27,,ｸﾗｳﾝﾗ-ﾄﾞ(NF),,,,,,,,,,,,,,,,×,,2024-05-27,×,"6,300",175.0,"7,500",0.0,,,,,,
,,26632913000,15.0,12200,2024-06-13,,ｸﾗｳﾝﾗ-ﾄﾞ(NF),,,,,,,,,,,,,,,,×,,2024-06-13,×,"6,300",117.0,"7,500",0.0,,,,,,
,,25222522040,20.0,5000,2024-02-14,,ﾊﾟﾈﾘ-ｼｮｰﾄST-2-TL(35),,,,,,,,,,,〇,,,,,×,,2024-02-13,×,"5,400",0.0,"8,000",38.0,,,,,,
,,25222522040,20.0,5000,2024-02-29,,ﾊﾟﾈﾘ-ｼｮｰﾄST-2-TL(35),,,,,,,,,,,〇,,,,,×,,2024-02-27,×,"5,400",0.0,"8,000",38.0,,,,,,
,,25222522040,20.0,5000,2024-03-07,,ﾊﾟﾈﾘ-ｼｮｰﾄST-2-TL(35),,,,,,,,,,,〇,,,,,×,,2024-03-05,×,"5,400",0.0,"8,000",38.0,,,,,,
,,25222522040,20.0,7500,2024-03-21,,ﾊﾟﾈﾘ-ｼｮｰﾄST-2-TL(35),,,,,,,,,,,〇,,,,,×,,2024-03-19,×,"5,400",0.0,"8,000",57.0,,,,,,
,,25222522040,20.0,5000,2024-03-27,,ﾊﾟﾈﾘ-ｼｮｰﾄST-2-TL(35),,,,,,,,,,,〇,,,,,×,,2024-03-26,×,"5,400",0.0,"8,000",38.0,,,,,,
,,25222522040,20.0,7500,2024-04-04,,ﾊﾟﾈﾘ-ｼｮｰﾄST-2-TL(35),,,,,,,,,,,〇,,,,,×,,2024-04-02,×,"5,400",0.0,"8,000",57.0,,,,,,
,,25222522040,20.0,7500,2024-04-11,,ﾊﾟﾈﾘ-ｼｮｰﾄST-2-TL(35),,,,,,,,,,,〇,,,,,×,,2024-04-09,×,"5,400",0.0,"8,000",57.0,,,,,,
,,25222522040,20.0,5000,2024-04-16,,ﾊﾟﾈﾘ-ｼｮｰﾄST-2-TL(35),,,,,,,,,,,〇,,,,,×,,2024-04-15,×,"5,400",0.0,"8,000",38.0,,,,,,
,,25222522040,20.0,7500,2024-04-24,,ﾊﾟﾈﾘ-ｼｮｰﾄST-2-TL(35),,,,,,,,,,,〇,,,,,×,,2024-04-23,×,"5,400",0.0,"8,000",57.0,,,,,,
,,25222522040,20.0,7500,2024-04-30,,ﾊﾟﾈﾘ-ｼｮｰﾄST-2-TL(35),,,,,,,,,,,〇,,,,,×,,2024-04-29,×,"5,400",0.0,"8,000",57.0,,,,,,
,,25222522040,20.0,7500,2024-05-15,,ﾊﾟﾈﾘ-ｼｮｰﾄST-2-TL(35),,,,,,,,,,,〇,,,,,×,,2024-05-14,×,"5,400",0.0,"8,000",57.0,,,,,,
,,25800811000,16.0,73200,2024-02-20,,MB-Mcﾌﾗｲｵｲﾙ,,,,,,,,,,,,,,,,×,,2024-02-20,×,"7,000",628.0,"7,700",0.0,,,,,,
,,25800811000,16.0,73200,2024-02-21,,MB-Mcﾌﾗｲｵｲﾙ,,,,,,,,,,,,,,,,×,,2024-02-21,×,"7,000",628.0,"7,700",0.0,,,,,,
,,25800811000,16.0,73200,2024-02-26,,MB-Mcﾌﾗｲｵｲﾙ,,,,,,,,,,,,,,,,×,,2024-02-26,×,"7,000",628.0,"7,700",0.0,,,,,,
,,25800811000,16.0,73200,2024-02-28,,MB-Mcﾌﾗｲｵｲﾙ,,,,,,,,,,,,,,,,×,,2024-02-28,×,"7,000",628.0,"7,700",0.0,,,,,,
,,25800811000,16.0,73200,2024-02-29,,MB-Mcﾌﾗｲｵｲﾙ,,,,,,,,,,,,,,,,×,,2024-02-29,×,"7,000",628.0,"7,700",0.0,,,,,,
,,25800811000,16.0,73200,2024-03-04,,MB-Mcﾌﾗｲｵｲﾙ,,,,,,,,,,,,,,,,×,,2024-03-04,×,"7,000",628.0,"7,700",0.0,,,,,,
,,25800811000,16.0,73200,2024-03-19,,MB-Mcﾌﾗｲｵｲﾙ,,,,,,,,,,,,,,,,×,,2024-03-19,×,"7,000",628.0,"7,700",0.0,,,,,,
,,25800811000,16.0,73200,2024-03-20,,MB-Mcﾌﾗｲｵｲﾙ,,,,,,,,,,,,,,,,×,,2024-03-20,×,"7,000",628.0,"7,700",0.0,,,,,,
,,25800811000,16.0,73200,2024-03-21,,MB-Mcﾌﾗｲｵｲﾙ,,,,,,,,,,,,,,,,×,,2024-03-21,×,"7,000",628.0,"7,700",0.0,,,,,,
,,25800811000,16.0,73200,2024-03-25,,MB-Mcﾌﾗｲｵｲﾙ,,,,,,,,,,,,,,,,×,,2024-03-25,×,"7,000",628.0,"7,700",0.0,,,,,,
,,25800811000,16.0,146400,2024-03-30,,MB-Mcﾌﾗｲｵｲﾙ,,,,,,,,,,,,,,,,×,,2024-03-29,×,"7,000",1255.0,"7,700",0.0,,,,,,
,,25800811000,16.0,36600,2024-03-30,,MB-Mcﾌﾗｲｵｲﾙ,,,,,,,,,,,,,,,,×,,2024-03-29,×,"7,000",314.0,"7,700",0.0,,,,,,
,,25800811000,16.0,67100,2024-04-02,,MB-Mcﾌﾗｲｵｲﾙ,,,,,,,,,,,,,,,,×,,2024-04-02,×,"7,000",576.0,"7,700",0.0,,,,,,
,,25800811000,16.0,67100,2024-04-03,,MB-Mcﾌﾗｲｵｲﾙ,,,,,,,,,,,,,,,,×,,2024-04-03,×,"7,000",576.0,"7,700",0.0,,,,,,
,,25800811000,16.0,67100,2024-04-04,,MB-Mcﾌﾗｲｵｲﾙ,,,,,,,,,,,,,,,,×,,2024-04-04,×,"7,000",576.0,"7,700",0.0,,,,,,
,,25800811000,16.0,67100,2024-04-09,,MB-Mcﾌﾗｲｵｲﾙ,,,,,,,,,,,,,,,,×,,2024-04-09,×,"7,000",576.0,"7,700",0.0,,,,,,
,,25800811000,16.0,67100,2024-04-10,,MB-Mcﾌﾗｲｵｲﾙ,,,,,,,,,,,,,,,,×,,2024-04-10,×,"7,000",576.0,"7,700",0.0,,,,,,
,,25800811000,16.0,67100,2024-04-11,,MB-Mcﾌﾗｲｵｲﾙ,,,,,,,,,,,,,,,,×,,2024-04-11,×,"7,000",576.0,"7,700",0.0,,,,,,
,,25800811000,16.0,67100,2024-04-16,,MB-Mcﾌﾗｲｵｲﾙ,,,,,,,,,,,,,,,,×,,2024-04-16,×,"7,000",576.0,"7,700",0.0,,,,,,
,,25800811000,16.0,67100,2024-04-17,,MB-Mcﾌﾗｲｵｲﾙ,,,,,,,,,,,,,,,,×,,2024-04-17,×,"7,000",576.0,"7,700",0.0,,,,,,
,,25800811000,16.0,67100,2024-04-18,,MB-Mcﾌﾗｲｵｲﾙ,,,,,,,,,,,,,,,,×,,2024-04-18,×,"7,000",576.0,"7,700",0.0,,,,,,
,,25800811000,16.0,67100,2024-04-19,,MB-Mcﾌﾗｲｵｲﾙ,,,,,,,,,,,,,,,,×,,2024-04-19,×,"7,000",576.0,"7,700",0.0,,,,,,
,,25800811000,16.0,67100,2024-04-22,,MB-Mcﾌﾗｲｵｲﾙ,,,,,,,,,,,,,,,,×,,2024-04-22,×,"7,000",576.0,"7,700",0.0,,,,,,
,,25800811000,16.0,12200,2024-04-01,,MB-Mcﾌﾗｲｵｲﾙ,,,,,,,,,,,,,,,,×,,2024-04-01,×,"7,000",105.0,"7,700",0.0,,,,,,
,,25800811000,16.0,73200,2024-04-24,,MB-Mcﾌﾗｲｵｲﾙ,,,,,,,,,,,,,,,,×,,2024-04-24,×,"7,000",628.0,"7,700",0.0,,,,,,
,,25800811000,16.0,73200,2024-04-25,,MB-Mcﾌﾗｲｵｲﾙ,,,,,,,,,,,,,,,,×,,2024-04-25,×,"7,000",628.0,"7,700",0.0,,,,,,
,,25800811000,16.0,73200,2024-04-26,,MB-Mcﾌﾗｲｵｲﾙ,,,,,,,,,,,,,,,,×,,2024-04-26,×,"7,000",628.0,"7,700",0.0,,,,,,
,,25800811000,16.0,146400,2024-04-30,,MB-Mcﾌﾗｲｵｲﾙ,,,,,,,,,,,,,,,,×,,2024-04-30,×,"7,000",1255.0,"7,700",0.0,,,,,,
,,25800811000,16.0,73200,2024-05-06,,MB-Mcﾌﾗｲｵｲﾙ,,,,,,,,,,,,,,,,×,,2024-05-06,×,"7,000",628.0,"7,700",0.0,,,,,,
,,25800811000,16.0,73200,2024-05-08,,MB-Mcﾌﾗｲｵｲﾙ,,,,,,,,,,,,,,,,×,,2024-05-08,×,"7,000",628.0,"7,700",0.0,,,,,,
,,25800811000,16.0,73200,2024-05-09,,MB-Mcﾌﾗｲｵｲﾙ,,,,,,,,,,,,,,,,×,,2024-05-09,×,"7,000",628.0,"7,700",0.0,,,,,,
,,25800811000,16.0,146400,2024-05-13,,MB-Mcﾌﾗｲｵｲﾙ,,,,,,,,,,,,,,,,×,,2024-05-13,×,"7,000",1255.0,"7,700",0.0,,,,,,
,,25800811000,16.0,6100,2024-04-30,,MB-Mcﾌﾗｲｵｲﾙ,,,,,,,,,,,,,,,,×,,2024-04-30,×,"7,000",53.0,"7,700",0.0,,,,,,
,,25800811000,16.0,73200,2024-05-16,,MB-Mcﾌﾗｲｵｲﾙ,,,,,,,,,,,,,,,,×,,2024-05-16,×,"7,000",628.0,"7,700",0.0,,,,,,
,,25800811000,16.0,73200,2024-05-17,,MB-Mcﾌﾗｲｵｲﾙ,,,,,,,,,,,,,,,,×,,2024-05-17,×,"7,000",628.0,"7,700",0.0,,,,,,
,,25800811000,16.0,73200,2024-05-21,,MB-Mcﾌﾗｲｵｲﾙ,,,,,,,,,,,,,,,,×,,2024-05-21,×,"7,000",628.0,"7,700",0.0,,,,,,
,,25800811000,16.0,73200,2024-05-22,,MB-Mcﾌﾗｲｵｲﾙ,,,,,,,,,,,,,,,,×,,2024-05-22,×,"7,000",628.0,"7,700",0.0,,,,,,
,,25800811000,16.0,268400,2024-05-27,,MB-Mcﾌﾗｲｵｲﾙ,,,,,,,,,,,,,,,,×,,2024-05-27,×,"7,000",2301.0,"7,700",0.0,,,,,,
,,25800811000,16.0,67100,2024-06-06,,MB-Mcﾌﾗｲｵｲﾙ,,,,,,,,,,,,,,,,×,,2024-06-06,×,"7,000",576.0,"7,700",0.0,,,,,,
,,25800811000,16.0,67100,2024-06-08,,MB-Mcﾌﾗｲｵｲﾙ,,,,,,,,,,,,,,,,×,,2024-06-07,×,"7,000",576.0,"7,700",0.0,,,,,,
,,25800811000,16.0,67100,2024-06-11,,MB-Mcﾌﾗｲｵｲﾙ,,,,,,,,,,,,,,,,×,,2024-06-11,×,"7,000",576.0,"7,700",0.0,,,,,,
,,25800811000,16.0,67100,2024-06-12,,MB-Mcﾌﾗｲｵｲﾙ,,,,,,,,,,,,,,,,×,,2024-06-12,×,"7,000",576.0,"7,700",0.0,,,,,,
,,25800811000,16.0,67100,2024-06-17,,MB-Mcﾌﾗｲｵｲﾙ,,,,,,,,,,,,,,,,×,,2024-06-17,×,"7,000",576.0,"7,700",0.0,,,,,,
,,25802621870,15.0,4000,2024-02-26,,MB-ﾚｶﾞ-ﾁｴ(H),,,,,,,,,,,,,低,,,×,,2024-02-26,×,"6,000",0.0,"8,000",30.0,,,,,,
,,25222522030,20.0,5000,2024-02-22,,ﾊﾟﾈﾘ-ｼｮｰﾄST-2-TL(32),,,,,,,,,,,〇,,,,,×,,2024-02-20,×,"5,400",0.0,"8,000",38.0,,,,,,
,,25222522030,20.0,4000,2024-03-27,,ﾊﾟﾈﾘ-ｼｮｰﾄST-2-TL(32),,,,,,,,,,,〇,,,,,×,,2024-03-26,×,"5,400",0.0,"8,000",30.0,,,,,,
,,25222522030,20.0,5000,2024-04-24,,ﾊﾟﾈﾘ-ｼｮｰﾄST-2-TL(32),,,,,,,,,,,〇,,,,,×,,2024-04-23,×,"5,400",0.0,"8,000",38.0,,,,,,
,,25222522030,20.0,5000,2024-05-22,,ﾊﾟﾈﾘ-ｼｮｰﾄST-2-TL(32),,,,,,,,,,,〇,,,,,×,,2024-05-21,×,"5,400",0.0,"8,000",38.0,,,,,,
,,25222123050,20.0,5000,2024-02-22,,ﾆｭｰｼｮｰﾄﾆﾝｸﾞ20㎏(5),,,,,,,,,,,,,,,,×,,2024-02-22,×,"6,000",0.0,"8,000",38.0,,,,,,
,,25222123050,20.0,5000,2024-04-16,,ﾆｭｰｼｮｰﾄﾆﾝｸﾞ20㎏(5),,,,,,,,,,,,,,,,×,,2024-04-16,×,"6,000",0.0,"8,000",38.0,,,,,,
,,25222123050,20.0,7500,2024-05-06,,ﾆｭｰｼｮｰﾄﾆﾝｸﾞ20㎏(5),,,,,,,,,,,,,,,,×,,2024-05-06,×,"6,000",0.0,"8,000",57.0,,,,,,
,,25222122030,15.0,4500,2024-02-29,,ﾆｭｰｼｮｰﾄﾆﾝｸﾞ(3),,,,,,,,,,,,,準高,,,×,,2024-02-29,×,"5,100",0.0,"8,000",34.0,,,,,,
,,25222122030,15.0,4500,2024-02-27,,ﾆｭｰｼｮｰﾄﾆﾝｸﾞ(3),,,,,,,,,,,,,準高,,,×,,2024-02-27,×,"5,100",0.0,"8,000",34.0,,,,,,
,,25284921850,10.0,4000,2024-04-25,,ﾁｴｽﾀ- EF(M),,,,,,,,,,,,,,,,×,,2024-04-25,×,"4,800",0.0,"5,400",45.0,,,,,,
,,348656ZT,15.0,12000,2024-03-05,,ｱﾃﾞｶﾙｰﾌﾞAM,,,,,,,,,,,,,,,,,,2024-03-05,×,-,0.0,7000,0.0,,,,,,
,,25282821000,15.0,10000,2024-03-07,,ﾘｽｵｲﾙ,,,,,,,,,,,,,,,,×,,2024-03-07,×,"6,000",0.0,"8,000",75.0,,,,,,
,,25282821000,15.0,12700,2024-04-12,,ﾘｽｵｲﾙ,,,,,,,,,,,,,,,,×,,2024-04-12,×,"6,000",0.0,"8,000",96.0,,,,,,
,,25282821000,15.0,12700,2024-05-21,,ﾘｽｵｲﾙ,,,,,,,,,,,,,,,,×,,2024-05-21,×,"6,000",0.0,"8,000",96.0,,,,,,
,,348999PT,15.0,12700,2024-03-18,,MB-PｼｮｰﾄCF(H)ｱｶｼｹﾞﾝ,,,,,,,,〇,,,,,,,,,,2024-03-18,×,"5,000",0.0,8000,96.0,,,副原料無添,,,
,,348999PT,15.0,12700,2024-03-25,,MB-PｼｮｰﾄCF(H)ｱｶｼｹﾞﾝ,,,,,,,,〇,,,,,,,,,,2024-03-25,×,"5,000",0.0,8000,96.0,,,副原料無添,,,
,,348999PT,15.0,12700,2024-04-02,,MB-PｼｮｰﾄCF(H)ｱｶｼｹﾞﾝ,,,,,,,,〇,,,,,,,,,,2024-04-02,×,"5,000",0.0,8000,96.0,,,副原料無添,,,
,,348999PT,15.0,12700,2024-04-08,,MB-PｼｮｰﾄCF(H)ｱｶｼｹﾞﾝ,,,,,,,,〇,,,,,,,,,,2024-04-08,×,"5,000",0.0,8000,96.0,,,副原料無添,,,
,,348999PT,15.0,12700,2024-05-06,,MB-PｼｮｰﾄCF(H)ｱｶｼｹﾞﾝ,,,,,,,,〇,,,,,,,,,,2024-05-06,×,"5,000",0.0,8000,96.0,,,副原料無添,,,
,,348999PT,15.0,12700,2024-05-13,,MB-PｼｮｰﾄCF(H)ｱｶｼｹﾞﾝ,,,,,,,,〇,,,,,,,,,,2024-05-13,×,"5,000",0.0,8000,96.0,,,副原料無添,,,
,,348999PT,15.0,12700,2024-05-18,,MB-PｼｮｰﾄCF(H)ｱｶｼｹﾞﾝ,,,,,,,,〇,,,,,,,,,,2024-05-17,×,"5,000",0.0,8000,96.0,,,副原料無添,,,
,,348999PT,15.0,12700,2024-05-22,,MB-PｼｮｰﾄCF(H)ｱｶｼｹﾞﾝ,,,,,,,,〇,,,,,,,,,,2024-05-22,×,"5,000",0.0,8000,96.0,,,副原料無添,,,
,,348999PT,15.0,25400,2024-05-27,,MB-PｼｮｰﾄCF(H)ｱｶｼｹﾞﾝ,,,,,,,,〇,,,,,,,,,,2024-05-27,×,"5,000",0.0,8000,191.0,,,副原料無添,,,
,,348999PT,15.0,12700,2024-05-24,,MB-PｼｮｰﾄCF(H)ｱｶｼｹﾞﾝ,,,,,,,,〇,,,,,,,,,,2024-05-24,×,"5,000",0.0,8000,96.0,,,副原料無添,,,
,,25326911000,15.0,6100,2024-04-18,,冷蔵KMｼｮｰﾄﾆﾝｸﾞ,,,,,,,,,,,〇,,高,,,×,,2024-04-17,×,"6,000",61.0,"7,500",0.0,,,,,,
,,25326911000,15.0,6100,2024-05-16,,冷蔵KMｼｮｰﾄﾆﾝｸﾞ,,,,,,,,,,,〇,,高,,,×,,2024-05-15,×,"6,000",61.0,"7,500",0.0,,,,,,
,,25326911000,15.0,12200,2024-05-11,,冷蔵KMｼｮｰﾄﾆﾝｸﾞ,,,,,,,,,,,〇,,高,,,×,,2024-05-10,×,"6,000",122.0,"7,500",0.0,,,,,,
,,25211221060,15.0,10000,2024-03-11,,ﾊﾟﾈﾘ-ｼｮｰﾄS (6),,,,,,,,,,,〇,,,,,×,,2024-03-08,×,"6,000",0.0,"8,000",75.0,,,,,,
,,25211221060,15.0,12700,2024-03-23,,ﾊﾟﾈﾘ-ｼｮｰﾄS (6),,,,,,,,,,,〇,,,,,×,,2024-03-22,×,"6,000",0.0,"8,000",96.0,,,,,,
,,25211221060,15.0,10000,2024-05-27,,ﾊﾟﾈﾘ-ｼｮｰﾄS (6),,,,,,,,,,,〇,,,,,×,,2024-05-24,×,"6,000",0.0,"8,000",75.0,,,,,,
,,25212222830,15.0,5000,2024-03-30,,ﾁｴｽﾀ-88-TL(S),,,,,,,,,,,〇,,,,,×,,2024-03-29,×,"6,000",0.0,"5,400",56.0,,,,,,
,,25213221830,15.0,6000,2024-04-06,,ﾁｴｽﾀ-77(M),,,,,,,,,,,〇,,,,,×,,2024-04-05,×,"6,000",0.0,"8,000",45.0,,,,,,
,,25213221830,15.0,6000,2024-04-12,,ﾁｴｽﾀ-77(M),,,,,,,,,,,〇,,,,,×,,2024-04-11,×,"6,000",0.0,"8,000",45.0,,,,,,
,,25215821000,15.0,8000,2024-03-23,,S.T ｼｮｰﾄ,,,,,,,,,〇,,,,,,,×,,2024-03-22,×,"5,500",0.0,"6,500",74.0,,,ｽﾃｲﾔｰｼﾘｰｽﾞ計画順番 ； STｼｮｰﾄ → ｽﾃｲﾔｰﾃﾞﾗｯｸｽK → ｽﾃｲﾔｰｽﾍﾟｼｬﾙ/ｱｺﾙﾄ → ｽﾃｲﾔｰSA,,,
,,25215821000,15.0,8000,2024-05-14,,S.T ｼｮｰﾄ,,,,,,,,,〇,,,,,,,×,,2024-05-14,×,"5,500",0.0,"6,500",74.0,,,ｽﾃｲﾔｰｼﾘｰｽﾞ計画順番 ； STｼｮｰﾄ → ｽﾃｲﾔｰﾃﾞﾗｯｸｽK → ｽﾃｲﾔｰｽﾍﾟｼｬﾙ/ｱｺﾙﾄ → ｽﾃｲﾔｰSA,,,
,,25220821830,15.0,4000,2024-03-21,,PVｼｮｰﾄ(B)-L (S),,,,,,,,,,,,,,,,×,,2024-03-21,×,"5,000",0.0,"8,000",30.0,,,,,,
,,25220821830,15.0,4000,2024-05-14,,PVｼｮｰﾄ(B)-L (S),,,,,,,,,,,,,,,,×,,2024-05-14,×,"5,000",0.0,"8,000",30.0,,,,,,
,,25221521040,20.0,5000,2024-03-30,,ﾆﾕ-ｼｮｰﾄ (C) (4),,,,,,,,,,,,,準高,,,×,,2024-03-29,×,"5,100",0.0,"8,000",38.0,,,,,,
,,25221521040,20.0,4000,2024-05-16,,ﾆﾕ-ｼｮｰﾄ (C) (4),,,,,,,,,,,,,準高,,,×,,2024-05-16,×,"5,100",0.0,"8,000",30.0,,,,,,
,,25221521040,20.0,5000,2024-05-16,,ﾆﾕ-ｼｮｰﾄ (C) (4),,,,,,,,,,,,,準高,,,×,,2024-05-16,×,"5,100",0.0,"8,000",38.0,,,,,,
,,25230924870,10.0,6000,2024-03-25,,ﾁｴｽﾀ-2000 10K (H),,,,,,,,,,,〇,,,,,×,,2024-03-22,×,"4,800",0.0,"5,400",67.0,,,,,,
,,25230924870,10.0,6000,2024-04-13,,ﾁｴｽﾀ-2000 10K (H),,,,,,,,,,,〇,,,,,×,,2024-04-12,×,"4,800",0.0,"5,400",67.0,,,,,,
,,25230924870,10.0,6000,2024-04-22,,ﾁｴｽﾀ-2000 10K (H),,,,,,,,,,,〇,,,,,×,,2024-04-19,×,"4,800",0.0,"5,400",67.0,,,,,,
,,25230924870,10.0,6000,2024-04-30,,ﾁｴｽﾀ-2000 10K (H),,,,,,,,,,,〇,,,,,×,,2024-04-29,×,"4,800",0.0,"5,400",67.0,,,,,,
,,25230924870,10.0,6000,2024-05-11,,ﾁｴｽﾀ-2000 10K (H),,,,,,,,,,,〇,,,,,×,,2024-05-10,×,"4,800",0.0,"5,400",67.0,,,,,,
,,25230924870,10.0,6000,2024-04-27,,ﾁｴｽﾀ-2000 10K (H),,,,,,,,,,,〇,,,,,×,,2024-04-26,×,"4,800",0.0,"5,400",67.0,,,,,,
,,25230924870,10.0,12700,2024-05-20,,ﾁｴｽﾀ-2000 10K (H),,,,,,,,,,,〇,,,,,×,,2024-05-17,×,"4,800",0.0,"5,400",142.0,,,,,,
,,25230924870,10.0,6000,2024-05-27,,ﾁｴｽﾀ-2000 10K (H),,,,,,,,,,,〇,,,,,×,,2024-05-24,×,"4,800",0.0,"5,400",67.0,,,,,,
,,25230924870,10.0,6000,2024-06-10,,ﾁｴｽﾀ-2000 10K (H),,,,,,,,,,,〇,,,,,×,,2024-06-07,×,"4,800",0.0,"5,400",67.0,,,,,,
,,25262121030,15.0,12700,2024-03-30,,MTｼｮｰﾄPV(3),,,,,,,,〇,,,,,,,,×,,2024-03-29,×,"5,000",0.0,"8,000",96.0,,,副原料無添,,,
,,25262121030,15.0,6000,2024-05-08,,MTｼｮｰﾄPV(3),,,,,,,,〇,,,,,,,,×,,2024-05-08,×,"5,000",0.0,"8,000",45.0,,,副原料無添,,,
,,25274621000,18.0,12700,2024-03-25,,COｼｮｰﾄﾆﾝｸﾞ-DX,,,,,,,,,,,,,低,,,×,,2024-03-25,×,"5,000",0.0,"8,000",96.0,,,底ﾊﾟｯﾄﾞ敷あり｡公出時生産不可｡,,,
,,25274621000,18.0,12700,2024-04-05,,COｼｮｰﾄﾆﾝｸﾞ-DX,,,,,,,,,,,,,低,,,×,,2024-04-05,×,"5,000",0.0,"8,000",96.0,,,底ﾊﾟｯﾄﾞ敷あり｡公出時生産不可｡,,,
,,25274621000,18.0,12700,2024-04-09,,COｼｮｰﾄﾆﾝｸﾞ-DX,,,,,,,,,,,,,低,,,×,,2024-04-09,×,"5,000",0.0,"8,000",96.0,,,底ﾊﾟｯﾄﾞ敷あり｡公出時生産不可｡,,,
,,25274621000,18.0,12700,2024-04-16,,COｼｮｰﾄﾆﾝｸﾞ-DX,,,,,,,,,,,,,低,,,×,,2024-04-16,×,"5,000",0.0,"8,000",96.0,,,底ﾊﾟｯﾄﾞ敷あり｡公出時生産不可｡,,,
,,25274621000,18.0,12700,2024-04-30,,COｼｮｰﾄﾆﾝｸﾞ-DX,,,,,,,,,,,,,低,,,×,,2024-04-30,×,"5,000",0.0,"8,000",96.0,,,底ﾊﾟｯﾄﾞ敷あり｡公出時生産不可｡,,,
,,25274621000,18.0,12700,2024-05-09,,COｼｮｰﾄﾆﾝｸﾞ-DX,,,,,,,,,,,,,低,,,×,,2024-05-09,×,"5,000",0.0,"8,000",96.0,,,底ﾊﾟｯﾄﾞ敷あり｡公出時生産不可｡,,,
,,25274621000,18.0,12700,2024-05-14,,COｼｮｰﾄﾆﾝｸﾞ-DX,,,,,,,,,,,,,低,,,×,,2024-05-14,×,"5,000",0.0,"8,000",96.0,,,底ﾊﾟｯﾄﾞ敷あり｡公出時生産不可｡,,,
,,25279022000,15.0,5000,2024-03-25,,ﾌﾗｲｵｲﾙ-R(15Kﾀﾞﾝ),,,,,,,,,,,,,,,,×,,2024-03-25,×,"6,000",0.0,"8,000",38.0,,,,,,
,,25279022000,15.0,6000,2024-04-10,,ﾌﾗｲｵｲﾙ-R(15Kﾀﾞﾝ),,,,,,,,,,,,,,,,×,,2024-04-10,×,"6,000",0.0,"8,000",45.0,,,,,,
,,25279022000,15.0,6000,2024-05-15,,ﾌﾗｲｵｲﾙ-R(15Kﾀﾞﾝ),,,,,,,,,,,,,,,,×,,2024-05-15,×,"6,000",0.0,"8,000",45.0,,,,,,
,,25294121810,15.0,12700,2024-04-08,,ｽﾃｲﾔ-ｽﾍﾟｼﾔﾙ(SS),,,,,,,,,〇,,,,準高,,,×,,2024-04-08,×,"6,000",0.0,"6,500",118.0,,,ｽﾃｲﾔｰｼﾘｰｽﾞ計画順番 ； STｼｮｰﾄ → ｽﾃｲﾔｰﾃﾞﾗｯｸｽK → ｽﾃｲﾔｰｽﾍﾟｼｬﾙ/ｱｺﾙﾄ → ｽﾃｲﾔｰSA,,,
,,25294121810,15.0,12700,2024-05-13,,ｽﾃｲﾔ-ｽﾍﾟｼﾔﾙ(SS),,,,,,,,,〇,,,,準高,,,×,,2024-05-13,×,"6,000",0.0,"6,500",118.0,,,ｽﾃｲﾔｰｼﾘｰｽﾞ計画順番 ； STｼｮｰﾄ → ｽﾃｲﾔｰﾃﾞﾗｯｸｽK → ｽﾃｲﾔｰｽﾍﾟｼｬﾙ/ｱｺﾙﾄ → ｽﾃｲﾔｰSA,,,
,,25294121810,15.0,12700,2024-05-16,,ｽﾃｲﾔ-ｽﾍﾟｼﾔﾙ(SS),,,,,,,,,〇,,,,準高,,,×,,2024-05-16,×,"6,000",0.0,"6,500",118.0,,,ｽﾃｲﾔｰｼﾘｰｽﾞ計画順番 ； STｼｮｰﾄ → ｽﾃｲﾔｰﾃﾞﾗｯｸｽK → ｽﾃｲﾔｰｽﾍﾟｼｬﾙ/ｱｺﾙﾄ → ｽﾃｲﾔｰSA,,,
,,25303521000,10.0,4000,2024-03-30,,ﾄﾞ-ﾅﾂｵｲﾙ-IT,,,,,,,,,,,,,,,,×,,2024-03-29,×,"5,400",0.0,"5,400",45.0,,,,,,
,,25303521000,10.0,4000,2024-04-06,,ﾄﾞ-ﾅﾂｵｲﾙ-IT,,,,,,,,,,,,,,,,×,,2024-04-05,×,"5,400",0.0,"5,400",45.0,,,,,,
,,25303521000,10.0,4000,2024-04-11,,ﾄﾞ-ﾅﾂｵｲﾙ-IT,,,,,,,,,,,,,,,,×,,2024-04-11,×,"5,400",0.0,"5,400",45.0,,,,,,
,,25303521000,10.0,4000,2024-05-13,,ﾄﾞ-ﾅﾂｵｲﾙ-IT,,,,,,,,,,,,,,,,×,,2024-05-13,×,"5,400",0.0,"5,400",45.0,,,,,,
,,25308522830,19.2,12700,2024-03-30,,LTｼｮｰﾄﾆﾝｸﾞ(19.2K)(S),,,,,,,,,,,,,,,,×,,2024-03-29,×,"6,000",0.0,"8,000",96.0,,,,,,
,,25308522830,19.2,12700,2024-04-13,,LTｼｮｰﾄﾆﾝｸﾞ(19.2K)(S),,,,,,,,,,,,,,,,×,,2024-04-12,×,"6,000",0.0,"8,000",96.0,,,,,,
,,25308522830,19.2,12700,2024-04-25,,LTｼｮｰﾄﾆﾝｸﾞ(19.2K)(S),,,,,,,,,,,,,,,,×,,2024-04-25,×,"6,000",0.0,"8,000",96.0,,,,,,
,,25308522830,19.2,12700,2024-04-24,,LTｼｮｰﾄﾆﾝｸﾞ(19.2K)(S),,,,,,,,,,,,,,,,×,,2024-04-24,×,"6,000",0.0,"8,000",96.0,,,,,,
,,25308522830,19.2,12700,2024-05-07,,LTｼｮｰﾄﾆﾝｸﾞ(19.2K)(S),,,,,,,,,,,,,,,,×,,2024-05-07,×,"6,000",0.0,"8,000",96.0,,,,,,
,,25308522830,19.2,12700,2024-05-13,,LTｼｮｰﾄﾆﾝｸﾞ(19.2K)(S),,,,,,,,,,,,,,,,×,,2024-05-13,×,"6,000",0.0,"8,000",96.0,,,,,,
,,25308522830,19.2,12700,2024-05-27,,LTｼｮｰﾄﾆﾝｸﾞ(19.2K)(S),,,,,,,,,,,,,,,,×,,2024-05-27,×,"6,000",0.0,"8,000",96.0,,,,,,
,,25308522830,19.2,12700,2024-06-06,,LTｼｮｰﾄﾆﾝｸﾞ(19.2K)(S),,,,,,,,,,,,,,,,×,,2024-06-06,×,"6,000",0.0,"8,000",96.0,,,,,,
,,25761221000,15.0,10000,2024-04-13,,ﾌｱﾝﾄﾑ950N,,,,,,,,,,,,,,,,×,,2024-04-12,○,-,0.0,"7,500",80.0,,,,,,
,,25800421830,15.0,12700,2024-04-03,,MB-ﾌﾟﾚﾐｱﾑｼｮｰﾄ-CF(S),,,,,,,,〇,,,,,,,,×,,2024-04-03,×,"6,000",0.0,"8,000",96.0,,,副原料無添,,,
,,25800421830,15.0,12700,2024-03-30,,MB-ﾌﾟﾚﾐｱﾑｼｮｰﾄ-CF(S),,,,,,,,〇,,,,,,,,×,,2024-03-29,×,"6,000",0.0,"8,000",96.0,,,副原料無添,,,
,,25800421830,15.0,12700,2024-04-22,,MB-ﾌﾟﾚﾐｱﾑｼｮｰﾄ-CF(S),,,,,,,,〇,,,,,,,,×,,2024-04-22,×,"6,000",0.0,"8,000",96.0,,,副原料無添,,,
,,25800421830,15.0,12700,2024-05-13,,MB-ﾌﾟﾚﾐｱﾑｼｮｰﾄ-CF(S),,,,,,,,〇,,,,,,,,×,,2024-05-13,×,"6,000",0.0,"8,000",96.0,,,副原料無添,,,
,,25800421830,15.0,12700,2024-05-14,,MB-ﾌﾟﾚﾐｱﾑｼｮｰﾄ-CF(S),,,,,,,,〇,,,,,,,,×,,2024-05-14,×,"6,000",0.0,"8,000",96.0,,,副原料無添,,,
,,25800421830,15.0,12700,2024-06-10,,MB-ﾌﾟﾚﾐｱﾑｼｮｰﾄ-CF(S),,,,,,,,〇,,,,,,,,×,,2024-06-10,×,"6,000",0.0,"8,000",96.0,,,副原料無添,,,
,,26713812000,15.0,6100,2024-04-15,,ｱｳﾄﾊﾞﾂｸｼｮｰﾄﾆﾝｸﾞ,,,,,,,,,,,,,,,,×,,2024-04-15,×,"6,100",60.0,"7,500",0.0,,,,,,
,,26713812000,15.0,6100,2024-05-13,,ｱｳﾄﾊﾞﾂｸｼｮｰﾄﾆﾝｸﾞ,,,,,,,,,,,,,,,,×,,2024-05-13,×,"6,100",60.0,"7,500",0.0,,,,,,
,,26713812000,15.0,6100,2024-06-17,,ｱｳﾄﾊﾞﾂｸｼｮｰﾄﾆﾝｸﾞ,,,,,,,,,,,,,,,,×,,2024-06-17,×,"6,100",60.0,"7,500",0.0,,,,,,
,,25259011750,15.0,6100,2024-04-17,,ﾌﾗｲｵｲﾙY(15K)(Y-10),,,,,,,,,,,,,,,,×,,2024-04-17,×,"6,000",61.0,"7,500",0.0,,,,,,
,,25259011750,15.0,6100,2024-05-27,,ﾌﾗｲｵｲﾙY(15K)(Y-10),,,,,,,,,,,,,,,,×,,2024-05-27,×,"6,000",61.0,"7,500",0.0,,,,,,
,,25259011750,15.0,6100,2024-06-10,,ﾌﾗｲｵｲﾙY(15K)(Y-10),,,,,,,,,,,,,,,,×,,2024-06-10,×,"6,000",61.0,"7,500",0.0,,,,,,
,,25804821000,15.0,12700,2024-03-11,,MB-ｻﾝﾄﾞｼｮｰﾄDX-TL(H),,,,,,,,,,,〇,,,,,×,,2024-03-08,×,"6,200",0.0,"8,000",96.0,,,,,,
,,25804821000,15.0,12700,2024-03-25,,MB-ｻﾝﾄﾞｼｮｰﾄDX-TL(H),,,,,,,,,,,〇,,,,,×,,2024-03-22,×,"6,200",0.0,"8,000",96.0,,,,,,
,,25804821000,15.0,12700,2024-04-06,,MB-ｻﾝﾄﾞｼｮｰﾄDX-TL(H),,,,,,,,,,,〇,,,,,×,,2024-04-05,×,"6,200",0.0,"8,000",96.0,,,,,,
,,25804821000,15.0,12700,2024-04-13,,MB-ｻﾝﾄﾞｼｮｰﾄDX-TL(H),,,,,,,,,,,〇,,,,,×,,2024-04-12,×,"6,200",0.0,"8,000",96.0,,,,,,
,,25804821000,15.0,12700,2024-04-22,,MB-ｻﾝﾄﾞｼｮｰﾄDX-TL(H),,,,,,,,,,,〇,,,,,×,,2024-04-19,×,"6,200",0.0,"8,000",96.0,,,,,,
,,25804821000,15.0,12700,2024-04-30,,MB-ｻﾝﾄﾞｼｮｰﾄDX-TL(H),,,,,,,,,,,〇,,,,,×,,2024-04-29,×,"6,200",0.0,"8,000",96.0,,,,,,
,,25804821000,15.0,12700,2024-05-07,,MB-ｻﾝﾄﾞｼｮｰﾄDX-TL(H),,,,,,,,,,,〇,,,,,×,,2024-05-06,×,"6,200",0.0,"8,000",96.0,,,,,,
,,25804821000,15.0,25400,2024-05-13,,MB-ｻﾝﾄﾞｼｮｰﾄDX-TL(H),,,,,,,,,,,〇,,,,,×,,2024-05-10,×,"6,200",0.0,"8,000",191.0,,,,,,
,,25804821000,15.0,12700,2024-05-20,,MB-ｻﾝﾄﾞｼｮｰﾄDX-TL(H),,,,,,,,,,,〇,,,,,×,,2024-05-17,×,"6,200",0.0,"8,000",96.0,,,,,,
,,25804821000,15.0,25400,2024-05-27,,MB-ｻﾝﾄﾞｼｮｰﾄDX-TL(H),,,,,,,,,,,〇,,,,,×,,2024-05-24,×,"6,200",0.0,"8,000",191.0,,,,,,
,,25804821000,15.0,12700,2024-06-10,,MB-ｻﾝﾄﾞｼｮｰﾄDX-TL(H),,,,,,,,,,,〇,,,,,×,,2024-06-07,×,"6,200",0.0,"8,000",96.0,,,,,,
,,25804121000,16.5,12700,2024-04-15,,MB-BSｸﾘ-ﾑ-3(16.5K),,,,,,,,,,,,,,,,×,,2024-04-15,×,"6,000",0.0,"8,000",96.0,,,,,,
,,25804121000,16.5,12700,2024-04-22,,MB-BSｸﾘ-ﾑ-3(16.5K),,,,,,,,,,,,,,,,×,,2024-04-22,×,"6,000",0.0,"8,000",96.0,,,,,,
,,25804121000,16.5,12700,2024-05-21,,MB-BSｸﾘ-ﾑ-3(16.5K),,,,,,,,,,,,,,,,×,,2024-05-21,×,"6,000",0.0,"8,000",96.0,,,,,,
,,25804222000,15.0,10000,2024-03-25,,MB-G100G-3(15K),,,,,,,,,,,,,,,,×,,2024-03-25,○,-,0.0,"8,000",75.0,,,,,,
,,25804222000,15.0,10000,2024-04-07,,MB-G100G-3(15K),,,,,,,,,,,,,,,,×,,2024-04-05,○,-,0.0,"8,000",75.0,,,,,,
,,25719721830,15.0,4000,2024-03-26,,ﾊｲﾌｴ-ﾄﾞ(S),,,,,,,,,,,,,,,,×,,2024-03-26,×,"6,000",0.0,"8,000",30.0,,,,,,
,,25710021000,15.0,12700,2024-04-06,,RMB-FPｼｮｰﾄLT2(15K),,,,,,,,,,,〇,,,,,×,,2024-04-05,×,"6,000",0.0,8000,96.0,,,,,,
,,25710021000,15.0,12700,2024-04-20,,RMB-FPｼｮｰﾄLT2(15K),,,,,,,,,,,〇,,,,,×,,2024-04-19,×,"6,000",0.0,8000,96.0,,,,,,
,,25710021000,15.0,12700,2024-04-25,,RMB-FPｼｮｰﾄLT2(15K),,,,,,,,,,,〇,,,,,×,,2024-04-24,×,"6,000",0.0,8000,96.0,,,,,,
,,25710021000,15.0,12700,2024-05-27,,RMB-FPｼｮｰﾄLT2(15K),,,,,,,,,,,〇,,,,,×,,2024-05-24,×,"6,000",0.0,8000,96.0,,,,,,
,,25710021000,15.0,12700,2024-05-25,,RMB-FPｼｮｰﾄLT2(15K),,,,,,,,,,,〇,,,,,×,,2024-05-24,×,"6,000",0.0,8000,96.0,,,,,,
,,25240621870,15.0,4000,2024-03-30,,ﾁｴｽﾀ-77KA (H),,,,,,,,,,,〇,,,,,×,,2024-03-29,×,"6,000",0.0,"8,000",30.0,,,,,,
,,25240621870,15.0,4000,2024-04-03,,ﾁｴｽﾀ-77KA (H),,,,,,,,,,,〇,,,,,×,,2024-04-02,×,"6,000",0.0,"8,000",30.0,,,,,,
,,25212711000,15.0,4000,2024-03-20,,ﾓ-ｾﾞﾙｿﾌﾄ-TL,,,,,,,,,,,〇,,準高,,,×,,2024-03-19,×,"4,200",58.0,"7,500",0.0,,,,,,
,,25212711000,15.0,6000,2024-04-16,,ﾓ-ｾﾞﾙｿﾌﾄ-TL,,,,,,,,,,,〇,,準高,,,×,,2024-04-15,×,"4,200",86.0,"7,500",0.0,,,,,,
,,24151121000,15.0,10000,2024-04-06,,ﾍﾂﾄ41ﾟC,,,,,,,,,,,,,,,,×,,2024-04-05,×,"6,000",0.0,"8,000",75.0,,,,,,
,,24151121000,15.0,10000,2024-04-04,,ﾍﾂﾄ41ﾟC,,,,,,,,,,,,,,,,×,,2024-04-04,×,"6,000",0.0,"8,000",75.0,,,,,,
,,25330311000,15.0,6000,2024-03-23,,ｼﾞｪﾈｼｽL,,,,,,,,,〇,,,,,,,×,,2024-03-22,×,"6,400",57.0,"7,500",0.0,,,副原料多い｡3回洗い,,,
,,25330311000,15.0,6000,2024-03-22,,ｼﾞｪﾈｼｽL,,,,,,,,,〇,,,,,,,×,,2024-03-22,×,"6,400",57.0,"7,500",0.0,,,副原料多い｡3回洗い,,,
,,25330311000,15.0,3000,2024-04-30,,ｼﾞｪﾈｼｽL,,,,,,,,,〇,,,,,,,×,,2024-04-30,×,"6,400",29.0,"7,500",0.0,,,副原料多い｡3回洗い,,,
,,25330311000,15.0,6000,2024-05-27,,ｼﾞｪﾈｼｽL,,,,,,,,,〇,,,,,,,×,,2024-05-27,×,"6,400",57.0,"7,500",0.0,,,副原料多い｡3回洗い,,,
,,25566512000,15.0,3000,2024-03-23,,ｸﾗｳﾝﾗｰﾄﾞ#600,,,,,,,,,,,,,,,,×,,2024-03-22,×,"6,200",30.0,"7,500",0.0,,,,,,
,,25566512000,15.0,3000,2024-05-27,,ｸﾗｳﾝﾗｰﾄﾞ#600,,,,,,,,,,,,,,,,×,,2024-05-27,×,"6,200",30.0,"7,500",0.0,,,,,,
,,25800111000,16.0,6000,2024-04-13,,MB-SBｵｲﾙNTV(缶),,,,,,,,,,,,,,,,×,,2024-04-12,×,"5,800",63.0,"8,000",0.0,,,,,,
,,25224321060,15.0,12700,2024-04-10,,PVｼｮｰﾄ(B) (6),,,,,,,,,,,,,,,,×,,2024-04-10,×,"5,400",0.0,"7,500",102.0,,,,,,
,,25224321060,15.0,12700,2024-05-27,,PVｼｮｰﾄ(B) (6),,,,,,,,,,,,,,,,×,,2024-05-27,×,"5,400",0.0,"7,500",102.0,,,,,,
,,25224321060,15.0,12700,2024-06-06,,PVｼｮｰﾄ(B) (6),,,,,,,,,,,,,,,,×,,2024-06-06,×,"5,400",0.0,"7,500",102.0,,,,,,
,,25222122040,15.0,5000,2024-04-03,,ﾆｭｰｼｮｰﾄﾆﾝｸﾞ(4),,,,,,,,,,,,,,,,×,,2024-04-03,×,"5,100",0.0,"8,000",38.0,,,,,,
,,25222122040,15.0,4000,2024-04-08,,ﾆｭｰｼｮｰﾄﾆﾝｸﾞ(4),,,,,,,,,,,,,,,,×,,2024-04-08,×,"5,100",0.0,"8,000",30.0,,,,,,
,,25278021870,15.0,12700,2024-04-20,,ﾊｲDXﾌｱﾂﾄ(H),,,,,,,,,〇,,〇,,,,,×,,2024-04-19,×,"5,800",0.0,"8,000",96.0,,,ﾊｲDXﾌｧｯﾄ→ｻﾝﾄﾞｸﾘｰﾑMTR→ﾏｲﾙﾄﾞﾌｧｯﾄDXの順で連続可能｡,,,
,,25278021870,15.0,12700,2024-04-15,,ﾊｲDXﾌｱﾂﾄ(H),,,,,,,,,〇,,〇,,,,,×,,2024-04-12,×,"5,800",0.0,"8,000",96.0,,,ﾊｲDXﾌｧｯﾄ→ｻﾝﾄﾞｸﾘｰﾑMTR→ﾏｲﾙﾄﾞﾌｧｯﾄDXの順で連続可能｡,,,
,,25278021870,15.0,12700,2024-05-13,,ﾊｲDXﾌｱﾂﾄ(H),,,,,,,,,〇,,〇,,,,,×,,2024-05-10,×,"5,800",0.0,"8,000",96.0,,,ﾊｲDXﾌｧｯﾄ→ｻﾝﾄﾞｸﾘｰﾑMTR→ﾏｲﾙﾄﾞﾌｧｯﾄDXの順で連続可能｡,,,
,,25278021870,15.0,12700,2024-06-10,,ﾊｲDXﾌｱﾂﾄ(H),,,,,,,,,〇,,〇,,,,,×,,2024-06-07,×,"5,800",0.0,"8,000",96.0,,,ﾊｲDXﾌｧｯﾄ→ｻﾝﾄﾞｸﾘｰﾑMTR→ﾏｲﾙﾄﾞﾌｧｯﾄDXの順で連続可能｡,,,
,,25352121000,10.0,4000,2024-04-20,,ｱｸｼｱ-R,,,,,,,,,,,,,,,,×,,2024-04-19,×,"5,400",0.0,"5,400",45.0,,,,,,
,,25352121000,10.0,4000,2024-04-15,,ｱｸｼｱ-R,,,,,,,,,,,,,,,,×,,2024-04-15,×,"5,400",0.0,"5,400",45.0,,,,,,
,,25711121380,15.0,12700,2024-04-10,,ﾓ-ｾﾞﾙBU(38℃),,,,,,,,,,,,,低,,,×,,2024-04-10,×,"6,000",0.0,"8,000",96.0,,,,,,
,,25711121380,15.0,12700,2024-05-13,,ﾓ-ｾﾞﾙBU(38℃),,,,,,,,,,,,,低,,,×,,2024-05-13,×,"6,000",0.0,"8,000",96.0,,,,,,
,,25711121380,15.0,6000,2024-05-20,,ﾓ-ｾﾞﾙBU(38℃),,,,,,,,,,,,,低,,,×,,2024-05-20,×,"6,000",0.0,"8,000",45.0,,,,,,
,,25711121380,15.0,12700,2024-06-10,,ﾓ-ｾﾞﾙBU(38℃),,,,,,,,,,,,,低,,,×,,2024-06-10,×,"6,000",0.0,"8,000",96.0,,,,,,
,,26631411000,15.0,6100,2024-04-08,,ｺﾞ-ﾙﾄﾞﾘﾝｸﾞ NO.300,,,,,,,,,,,,,,,,×,,2024-04-08,×,"6,200",60.0,"7,500",0.0,,,,,,
,,26631411000,15.0,6100,2024-05-13,,ｺﾞ-ﾙﾄﾞﾘﾝｸﾞ NO.300,,,,,,,,,,,,,,,,×,,2024-05-13,×,"6,200",60.0,"7,500",0.0,,,,,,
,,26631411000,15.0,6100,2024-06-17,,ｺﾞ-ﾙﾄﾞﾘﾝｸﾞ NO.300,,,,,,,,,,,,,,,,×,,2024-06-17,×,"6,200",60.0,"7,500",0.0,,,,,,
,,26631411000,15.0,6100,2024-06-07,,ｺﾞ-ﾙﾄﾞﾘﾝｸﾞ NO.300,,,,,,,,,,,,,,,,×,,2024-06-07,×,"6,200",60.0,"7,500",0.0,,,,,,
,,25222122050,15.0,5000,2024-04-02,,ﾆｭｰｼｮｰﾄﾆﾝｸﾞ(5),,,,,,,,,,,,,,,,×,,2024-04-02,×,"5,100",0.0,"8,000",38.0,,,,,,
,,348657ZT,15.0,3000,2024-04-09,,ｱﾃﾞｶﾙｰﾌﾞN-TL,,,,,,,,,,,,,,,,,,2024-04-09,×,-,0.0,7500,0.0,,,,,,
,,348657ZT,15.0,3000,2024-05-07,,ｱﾃﾞｶﾙｰﾌﾞN-TL,,,,,,,,,,,,,,,,,,2024-05-07,×,-,0.0,7500,0.0,,,,,,
,,25270421830,15.0,6000,2024-05-06,,MBｼｮｰﾄN(S),,,,,,,,〇,,,,,,,,×,,2024-05-06,×,"6,000",0.0,"8,000",45.0,,,副原料無添,,,
,,25223325020,10.0,4000,2024-04-30,,ｱﾒﾘｶ-ﾅDX-TL,,,,,,,,〇,,,,,,,,×,,2024-04-30,×,"5,400",0.0,"5,400",45.0,,,初回限定,,,
,,25245322870,15.0,12700,2024-04-30,,ｲﾄｳCC-NT(H),,,,,,,,,,,,,,,,×,,2024-04-30,×,"5,000",0.0,"8,000",96.0,,,,,,
,,25262121040,15.0,6000,2024-04-24,,MTｼｮｰﾄPV(4),,,,,,,,〇,,,,,,,,×,,2024-04-24,×,"5,000",0.0,"8,000",45.0,,,副原料無添,,,
,,25262121050,15.0,12700,2024-05-13,,MTｼｮｰﾄPV(5),,,,,,,,〇,,,,,,,,×,,2024-05-13,×,"5,000",0.0,"8,000",96.0,,,副原料無添,,,
,,25262121050,15.0,12700,2024-05-17,,MTｼｮｰﾄPV(5),,,,,,,,〇,,,,,,,,×,,2024-05-17,×,"5,000",0.0,"8,000",96.0,,,副原料無添,,,
,,25262121050,15.0,12700,2024-05-27,,MTｼｮｰﾄPV(5),,,,,,,,〇,,,,,,,,×,,2024-05-27,×,"5,000",0.0,"8,000",96.0,,,副原料無添,,,
,,26631111060,15.0,12200,2024-05-07,,ｸﾗｳﾝﾗ-ﾄﾞ#300 DIR,,,,,,,,,,,,,,,,×,,2024-05-07,×,"6,000",122.0,"7,500",0.0,,,,,,
,,26631111060,15.0,12200,2024-05-11,,ｸﾗｳﾝﾗ-ﾄﾞ#300 DIR,,,,,,,,,,,,,,,,×,,2024-05-10,×,"6,000",122.0,"7,500",0.0,,,,,,
,,26631111060,15.0,12200,2024-05-16,,ｸﾗｳﾝﾗ-ﾄﾞ#300 DIR,,,,,,,,,,,,,,,,×,,2024-05-16,×,"6,000",122.0,"7,500",0.0,,,,,,
,,26631111060,15.0,12200,2024-05-20,,ｸﾗｳﾝﾗ-ﾄﾞ#300 DIR,,,,,,,,,,,,,,,,×,,2024-05-20,×,"6,000",122.0,"7,500",0.0,,,,,,
,,26631111060,15.0,12200,2024-05-27,,ｸﾗｳﾝﾗ-ﾄﾞ#300 DIR,,,,,,,,,,,,,,,,×,,2024-05-27,×,"6,000",122.0,"7,500",0.0,,,,,,
,,25213124050,12.7,4000,2024-05-14,,ﾁｴｽﾀ- 88(12.7K)(5),,,,,,,,,,,〇,,,,,×,,2024-05-13,×,"6,000",0.0,"6,800",36.0,,,,,,
,,25245322000,15.0,12700,2024-04-30,,ｲﾄｳCC-NT,,,,,,,,,,,,,,,,×,,2024-04-30,×,"5,000",0.0,"8,000",96.0,,,,,,
,,25245322000,15.0,12700,2024-05-20,,ｲﾄｳCC-NT,,,,,,,,,,,,,,,,×,,2024-05-20,×,"5,000",0.0,"8,000",96.0,,,,,,
,,25245322000,15.0,12700,2024-05-27,,ｲﾄｳCC-NT,,,,,,,,,,,,,,,,×,,2024-05-27,×,"5,000",0.0,"8,000",96.0,,,,,,
,,25299921050,15.0,12700,2024-05-20,,PVｼｮｰﾄ(B)-AK(5),,,,,,,,,,,,,,,,×,,2024-05-20,×,"5,100",0.0,"8,000",96.0,,,,,,
,,25299921050,15.0,6000,2024-05-27,,PVｼｮｰﾄ(B)-AK(5),,,,,,,,,,,,,,,,×,,2024-05-27,×,"5,100",0.0,"8,000",45.0,,,,,,
,,25299921050,15.0,12700,2024-06-10,,PVｼｮｰﾄ(B)-AK(5),,,,,,,,,,,,,,,,×,,2024-06-10,×,"5,100",0.0,"8,000",96.0,,,,,,
,,25117722850,15.0,6000,2024-05-27,,ﾌﾟﾚﾐｱﾑｼｮｰﾄ-ADF(H),,,,,,,,,,,,,,,,×,,2024-05-27,×,"6,000",0.0,"8,000",45.0,,,,,,
,,25117722850,15.0,6000,2024-06-06,,ﾌﾟﾚﾐｱﾑｼｮｰﾄ-ADF(H),,,,,,,,,,,,,,,,×,,2024-06-06,×,"6,000",0.0,"8,000",45.0,,,,,,
,,25132325870,10.0,12700,2024-05-27,,ﾌﾟﾚﾐｱﾑｼｮｰﾄCF 10K(H),,,,,,,,〇,,,,,,,,×,,2024-05-27,×,"5,400",0.0,"5,400",142.0,,,副原料無添,,,
,,25132325870,10.0,12700,2024-06-06,,ﾌﾟﾚﾐｱﾑｼｮｰﾄCF 10K(H),,,,,,,,〇,,,,,,,,×,,2024-06-06,×,"5,400",0.0,"5,400",142.0,,,副原料無添,,,
,,25764721000,15.0,6000,2024-05-27,,ﾌｧﾝﾄﾑBT2,,,,,,,,,,,,,,,,×,,2024-05-27,○,-,0.0,"7,500",48.0,,,,,,
,,26632521030,15.0,6000,2024-05-27,,ｸﾗｳﾝ ﾗ-ﾄﾞ#300(ﾀﾞﾝ),,,,,,,,,,,,,,,,×,,2024-05-27,×,"6,000",0.0,"8,000",45.0,,,,,,
,,25325822000,15.0,6000,2024-05-27,,ﾃﾞﾘﾌﾟﾗﾝﾂ ｺｸﾌｱﾂﾄ,,,,,,,,,,,,,,,,×,,2024-05-27,×,"6,000",0.0,"7,000",52.0,,,翌日､IC-NKの生産を必ず組む,,,
,,25325822000,15.0,4000,2024-05-27,,ﾃﾞﾘﾌﾟﾗﾝﾂ ｺｸﾌｱﾂﾄ,,,,,,,,,,,,,,,,×,,2024-05-27,×,"6,000",0.0,"7,000",35.0,,,翌日､IC-NKの生産を必ず組む,,,
,,25213221850,15.0,4000,2024-06-11,,ﾁｴｽﾀ-77(H),,,,,,,,,,,〇,,,,,×,,2024-06-10,×,"6,000",0.0,"8,000",30.0,,,,,,
,,26631111070,15.0,12200,2024-06-10,,ｸﾗｳﾝﾗ-ﾄﾞ#300 DIR,,,,,,,,,,,,,,,,×,,2024-06-10,×,"6,000",122.0,"7,500",0.0,,,,,,
,,26631111070,15.0,12200,2024-06-17,,ｸﾗｳﾝﾗ-ﾄﾞ#300 DIR,,,,,,,,,,,,,,,,×,,2024-06-17,×,"6,000",122.0,"7,500",0.0,,,,,,
